,Model_Name,AttackID,Total_Count_of_Actual_Attacks,Total_Count_of_Identified_Attacks,Identified_Attack(in %),Attack_Start_Time,Attack_End_Time,PropensityOfAttack (In Seconds)
0,iforest_P1_SWAT_Dec2015_Data_model,1,940,940,100.0,2015-12-28 10:29:14,2015-12-28 10:44:53,0.0
1,iforest_P1_SWAT_Dec2015_Data_model,2,443,94,21.22,2015-12-28 10:51:08,2015-12-28 10:58:30,259.0
2,iforest_P1_SWAT_Dec2015_Data_model,3,383,225,58.75,2015-12-28 11:22:00,2015-12-28 11:28:22,19.0
3,iforest_P1_SWAT_Dec2015_Data_model,4,390,127,32.56,2015-12-28 11:47:39,2015-12-28 11:54:08,22.0
4,iforest_P1_SWAT_Dec2015_Data_model,6,196,196,100.0,2015-12-28 12:00:55,2015-12-28 12:04:10,0.0
5,iforest_P1_SWAT_Dec2015_Data_model,7,429,64,14.92,2015-12-28 12:08:25,2015-12-28 12:15:33,0.0
6,iforest_P1_SWAT_Dec2015_Data_model,8,964,471,48.86,2015-12-28 13:10:10,2015-12-28 13:26:13,1.0
7,iforest_P1_SWAT_Dec2015_Data_model,10,160,28,17.5,2015-12-28 14:16:20,2015-12-28 14:19:00,0.0
8,iforest_P1_SWAT_Dec2015_Data_model,11,561,41,7.31,2015-12-28 14:19:00,2015-12-28 14:28:20,51.0
9,iforest_P1_SWAT_Dec2015_Data_model,13,233,170,72.96,2015-12-29 11:11:25,2015-12-29 11:15:17,0.0
10,iforest_P1_SWAT_Dec2015_Data_model,14,431,143,33.18,2015-12-29 11:35:40,2015-12-29 11:42:50,2.0
11,iforest_P1_SWAT_Dec2015_Data_model,16,276,103,37.32,2015-12-29 11:57:25,2015-12-29 12:02:00,25.0
12,iforest_P1_SWAT_Dec2015_Data_model,17,717,465,64.85,2015-12-29 14:38:12,2015-12-29 14:50:08,7.0
13,iforest_P1_SWAT_Dec2015_Data_model,19,259,160,61.78,2015-12-29 18:10:43,2015-12-29 18:15:01,0.0
14,iforest_P1_SWAT_Dec2015_Data_model,20,395,296,74.94,2015-12-29 18:15:43,2015-12-29 18:22:17,0.0
15,iforest_P1_SWAT_Dec2015_Data_model,21,721,374,51.87,2015-12-29 18:30:00,2015-12-29 18:42:00,0.0
16,iforest_P1_SWAT_Dec2015_Data_model,22,463,59,12.74,2015-12-29 22:55:18,2015-12-29 23:03:00,0.0
17,iforest_P1_SWAT_Dec2015_Data_model,23,697,317,45.48,2015-12-30 01:42:34,2015-12-30 01:54:10,0.0
18,iforest_P1_SWAT_Dec2015_Data_model,24,321,130,40.5,2015-12-30 09:51:08,2015-12-30 09:56:28,4.0
19,iforest_P1_SWAT_Dec2015_Data_model,25,612,53,8.66,2015-12-30 10:01:50,2015-12-30 10:12:01,0.0
20,iforest_P1_SWAT_Dec2015_Data_model,26,1445,117,8.1,2015-12-30 17:04:56,2015-12-30 17:29:00,215.0
21,iforest_P1_SWAT_Dec2015_Data_model,27,1691,1039,61.44,2015-12-31 01:17:08,2015-12-31 01:45:18,3.0
22,iforest_P1_SWAT_Dec2015_Data_model,28,34209,2078,6.07,2015-12-31 01:45:19,2015-12-31 11:15:27,0.0
23,iforest_P1_SWAT_Dec2015_Data_model,29,121,13,10.74,2015-12-31 15:32:00,2015-12-31 15:34:00,17.0
24,iforest_P1_SWAT_Dec2015_Data_model,30,1171,46,3.93,2015-12-31 15:47:40,2015-12-31 16:07:10,1125.0
25,iforest_P1_SWAT_Dec2015_Data_model,31,367,130,35.42,2015-12-31 22:05:34,2015-12-31 22:11:40,3.0
26,iforest_P1_SWAT_Dec2015_Data_model,32,601,230,38.27,2016-01-01 10:36:00,2016-01-01 10:46:00,5.0
27,iforest_P1_SWAT_Dec2015_Data_model,33,444,417,93.92,2016-01-01 14:21:12,2016-01-01 14:28:35,0.0
28,iforest_P1_SWAT_Dec2015_Data_model,34,101,78,77.23,2016-01-01 17:12:40,2016-01-01 17:14:20,0.0
29,iforest_P1_SWAT_Dec2015_Data_model,35,481,185,38.46,2016-01-01 17:18:56,2016-01-01 17:26:56,0.0
30,iforest_P1_SWAT_Dec2015_Data_model,36,540,487,90.19,2016-01-01 22:16:01,2016-01-01 22:25:00,4.0
0,iforest_P2_SWAT_Dec2015_Data_model,1,940,865,92.02,2015-12-28 10:29:14,2015-12-28 10:44:53,68.0
1,iforest_P2_SWAT_Dec2015_Data_model,2,443,36,8.13,2015-12-28 10:51:08,2015-12-28 10:58:30,0.0
2,iforest_P2_SWAT_Dec2015_Data_model,3,383,383,100.0,2015-12-28 11:22:00,2015-12-28 11:28:22,0.0
3,iforest_P2_SWAT_Dec2015_Data_model,4,390,390,100.0,2015-12-28 11:47:39,2015-12-28 11:54:08,0.0
4,iforest_P2_SWAT_Dec2015_Data_model,6,196,19,9.69,2015-12-28 12:00:55,2015-12-28 12:04:10,177.0
5,iforest_P2_SWAT_Dec2015_Data_model,7,429,403,93.94,2015-12-28 12:08:25,2015-12-28 12:15:33,7.0
6,iforest_P2_SWAT_Dec2015_Data_model,8,964,944,97.93,2015-12-28 13:10:10,2015-12-28 13:26:13,0.0
7,iforest_P2_SWAT_Dec2015_Data_model,10,160,160,100.0,2015-12-28 14:16:20,2015-12-28 14:19:00,0.0
8,iforest_P2_SWAT_Dec2015_Data_model,11,561,543,96.79,2015-12-28 14:19:00,2015-12-28 14:28:20,0.0
9,iforest_P2_SWAT_Dec2015_Data_model,13,233,233,100.0,2015-12-29 11:11:25,2015-12-29 11:15:17,0.0
10,iforest_P2_SWAT_Dec2015_Data_model,14,431,275,63.81,2015-12-29 11:35:40,2015-12-29 11:42:50,0.0
11,iforest_P2_SWAT_Dec2015_Data_model,16,276,44,15.94,2015-12-29 11:57:25,2015-12-29 12:02:00,18.0
12,iforest_P2_SWAT_Dec2015_Data_model,17,717,573,79.92,2015-12-29 14:38:12,2015-12-29 14:50:08,0.0
13,iforest_P2_SWAT_Dec2015_Data_model,19,259,2,0.77,2015-12-29 18:10:43,2015-12-29 18:15:01,232.0
14,iforest_P2_SWAT_Dec2015_Data_model,20,395,16,4.05,2015-12-29 18:15:43,2015-12-29 18:22:17,211.0
15,iforest_P2_SWAT_Dec2015_Data_model,21,721,0,0.0,2015-12-29 18:30:00,2015-12-29 18:42:00,720.0
16,iforest_P2_SWAT_Dec2015_Data_model,22,463,0,0.0,2015-12-29 22:55:18,2015-12-29 23:03:00,462.0
17,iforest_P2_SWAT_Dec2015_Data_model,23,697,7,1.0,2015-12-30 01:42:34,2015-12-30 01:54:10,129.0
18,iforest_P2_SWAT_Dec2015_Data_model,24,321,110,34.27,2015-12-30 09:51:08,2015-12-30 09:56:28,1.0
19,iforest_P2_SWAT_Dec2015_Data_model,25,612,0,0.0,2015-12-30 10:01:50,2015-12-30 10:12:01,611.0
20,iforest_P2_SWAT_Dec2015_Data_model,26,1445,7,0.48,2015-12-30 17:04:56,2015-12-30 17:29:00,1422.0
21,iforest_P2_SWAT_Dec2015_Data_model,27,1691,0,0.0,2015-12-31 01:17:08,2015-12-31 01:45:18,1690.0
22,iforest_P2_SWAT_Dec2015_Data_model,28,34209,14097,41.21,2015-12-31 01:45:19,2015-12-31 11:15:27,195.0
23,iforest_P2_SWAT_Dec2015_Data_model,29,121,121,100.0,2015-12-31 15:32:00,2015-12-31 15:34:00,0.0
24,iforest_P2_SWAT_Dec2015_Data_model,30,1171,40,3.42,2015-12-31 15:47:40,2015-12-31 16:07:10,1131.0
25,iforest_P2_SWAT_Dec2015_Data_model,31,367,367,100.0,2015-12-31 22:05:34,2015-12-31 22:11:40,0.0
26,iforest_P2_SWAT_Dec2015_Data_model,32,601,558,92.85,2016-01-01 10:36:00,2016-01-01 10:46:00,41.0
27,iforest_P2_SWAT_Dec2015_Data_model,33,444,0,0.0,2016-01-01 14:21:12,2016-01-01 14:28:35,443.0
28,iforest_P2_SWAT_Dec2015_Data_model,34,101,0,0.0,2016-01-01 17:12:40,2016-01-01 17:14:20,100.0
29,iforest_P2_SWAT_Dec2015_Data_model,35,481,438,91.06,2016-01-01 17:18:56,2016-01-01 17:26:56,43.0
30,iforest_P2_SWAT_Dec2015_Data_model,36,540,540,100.0,2016-01-01 22:16:01,2016-01-01 22:25:00,0.0
0,iforest_P3_SWAT_Dec2015_Data_model,1,940,0,0.0,2015-12-28 10:29:14,2015-12-28 10:44:53,939.0
1,iforest_P3_SWAT_Dec2015_Data_model,2,443,167,37.7,2015-12-28 10:51:08,2015-12-28 10:58:30,62.0
2,iforest_P3_SWAT_Dec2015_Data_model,3,383,316,82.51,2015-12-28 11:22:00,2015-12-28 11:28:22,67.0
3,iforest_P3_SWAT_Dec2015_Data_model,4,390,0,0.0,2015-12-28 11:47:39,2015-12-28 11:54:08,389.0
4,iforest_P3_SWAT_Dec2015_Data_model,6,196,0,0.0,2015-12-28 12:00:55,2015-12-28 12:04:10,195.0
5,iforest_P3_SWAT_Dec2015_Data_model,7,429,0,0.0,2015-12-28 12:08:25,2015-12-28 12:15:33,428.0
6,iforest_P3_SWAT_Dec2015_Data_model,8,964,954,98.96,2015-12-28 13:10:10,2015-12-28 13:26:13,0.0
7,iforest_P3_SWAT_Dec2015_Data_model,10,160,0,0.0,2015-12-28 14:16:20,2015-12-28 14:19:00,159.0
8,iforest_P3_SWAT_Dec2015_Data_model,11,561,69,12.3,2015-12-28 14:19:00,2015-12-28 14:28:20,492.0
9,iforest_P3_SWAT_Dec2015_Data_model,13,233,0,0.0,2015-12-29 11:11:25,2015-12-29 11:15:17,232.0
10,iforest_P3_SWAT_Dec2015_Data_model,14,431,21,4.87,2015-12-29 11:35:40,2015-12-29 11:42:50,237.0
11,iforest_P3_SWAT_Dec2015_Data_model,16,276,0,0.0,2015-12-29 11:57:25,2015-12-29 12:02:00,275.0
12,iforest_P3_SWAT_Dec2015_Data_model,17,717,470,65.55,2015-12-29 14:38:12,2015-12-29 14:50:08,247.0
13,iforest_P3_SWAT_Dec2015_Data_model,19,259,166,64.09,2015-12-29 18:10:43,2015-12-29 18:15:01,38.0
14,iforest_P3_SWAT_Dec2015_Data_model,20,395,0,0.0,2015-12-29 18:15:43,2015-12-29 18:22:17,394.0
15,iforest_P3_SWAT_Dec2015_Data_model,21,721,0,0.0,2015-12-29 18:30:00,2015-12-29 18:42:00,720.0
16,iforest_P3_SWAT_Dec2015_Data_model,22,463,0,0.0,2015-12-29 22:55:18,2015-12-29 23:03:00,462.0
17,iforest_P3_SWAT_Dec2015_Data_model,23,697,696,99.86,2015-12-30 01:42:34,2015-12-30 01:54:10,0.0
18,iforest_P3_SWAT_Dec2015_Data_model,24,321,21,6.54,2015-12-30 09:51:08,2015-12-30 09:56:28,69.0
19,iforest_P3_SWAT_Dec2015_Data_model,25,612,29,4.74,2015-12-30 10:01:50,2015-12-30 10:12:01,229.0
20,iforest_P3_SWAT_Dec2015_Data_model,26,1445,167,11.56,2015-12-30 17:04:56,2015-12-30 17:29:00,991.0
21,iforest_P3_SWAT_Dec2015_Data_model,27,1691,0,0.0,2015-12-31 01:17:08,2015-12-31 01:45:18,1690.0
22,iforest_P3_SWAT_Dec2015_Data_model,28,34209,33753,98.67,2015-12-31 01:45:19,2015-12-31 11:15:27,0.0
23,iforest_P3_SWAT_Dec2015_Data_model,29,121,0,0.0,2015-12-31 15:32:00,2015-12-31 15:34:00,120.0
24,iforest_P3_SWAT_Dec2015_Data_model,30,1171,0,0.0,2015-12-31 15:47:40,2015-12-31 16:07:10,1170.0
25,iforest_P3_SWAT_Dec2015_Data_model,31,367,60,16.35,2015-12-31 22:05:34,2015-12-31 22:11:40,2.0
26,iforest_P3_SWAT_Dec2015_Data_model,32,601,0,0.0,2016-01-01 10:36:00,2016-01-01 10:46:00,600.0
27,iforest_P3_SWAT_Dec2015_Data_model,33,444,165,37.16,2016-01-01 14:21:12,2016-01-01 14:28:35,52.0
28,iforest_P3_SWAT_Dec2015_Data_model,34,101,0,0.0,2016-01-01 17:12:40,2016-01-01 17:14:20,100.0
29,iforest_P3_SWAT_Dec2015_Data_model,35,481,114,23.7,2016-01-01 17:18:56,2016-01-01 17:26:56,0.0
30,iforest_P3_SWAT_Dec2015_Data_model,36,540,51,9.44,2016-01-01 22:16:01,2016-01-01 22:25:00,0.0
0,iforest_P4_SWAT_Dec2015_Data_model,1,940,0,0.0,2015-12-28 10:29:14,2015-12-28 10:44:53,939.0
1,iforest_P4_SWAT_Dec2015_Data_model,2,443,0,0.0,2015-12-28 10:51:08,2015-12-28 10:58:30,442.0
2,iforest_P4_SWAT_Dec2015_Data_model,3,383,0,0.0,2015-12-28 11:22:00,2015-12-28 11:28:22,382.0
3,iforest_P4_SWAT_Dec2015_Data_model,4,390,0,0.0,2015-12-28 11:47:39,2015-12-28 11:54:08,389.0
4,iforest_P4_SWAT_Dec2015_Data_model,6,196,0,0.0,2015-12-28 12:00:55,2015-12-28 12:04:10,195.0
5,iforest_P4_SWAT_Dec2015_Data_model,7,429,0,0.0,2015-12-28 12:08:25,2015-12-28 12:15:33,428.0
6,iforest_P4_SWAT_Dec2015_Data_model,8,964,0,0.0,2015-12-28 13:10:10,2015-12-28 13:26:13,963.0
7,iforest_P4_SWAT_Dec2015_Data_model,10,160,18,11.25,2015-12-28 14:16:20,2015-12-28 14:19:00,142.0
8,iforest_P4_SWAT_Dec2015_Data_model,11,561,544,96.97,2015-12-28 14:19:00,2015-12-28 14:28:20,0.0
9,iforest_P4_SWAT_Dec2015_Data_model,13,233,0,0.0,2015-12-29 11:11:25,2015-12-29 11:15:17,232.0
10,iforest_P4_SWAT_Dec2015_Data_model,14,431,0,0.0,2015-12-29 11:35:40,2015-12-29 11:42:50,430.0
11,iforest_P4_SWAT_Dec2015_Data_model,16,276,0,0.0,2015-12-29 11:57:25,2015-12-29 12:02:00,275.0
12,iforest_P4_SWAT_Dec2015_Data_model,17,717,0,0.0,2015-12-29 14:38:12,2015-12-29 14:50:08,716.0
13,iforest_P4_SWAT_Dec2015_Data_model,19,259,0,0.0,2015-12-29 18:10:43,2015-12-29 18:15:01,258.0
14,iforest_P4_SWAT_Dec2015_Data_model,20,395,0,0.0,2015-12-29 18:15:43,2015-12-29 18:22:17,394.0
15,iforest_P4_SWAT_Dec2015_Data_model,21,721,0,0.0,2015-12-29 18:30:00,2015-12-29 18:42:00,720.0
16,iforest_P4_SWAT_Dec2015_Data_model,22,463,319,68.9,2015-12-29 22:55:18,2015-12-29 23:03:00,125.0
17,iforest_P4_SWAT_Dec2015_Data_model,23,697,0,0.0,2015-12-30 01:42:34,2015-12-30 01:54:10,696.0
18,iforest_P4_SWAT_Dec2015_Data_model,24,321,0,0.0,2015-12-30 09:51:08,2015-12-30 09:56:28,320.0
19,iforest_P4_SWAT_Dec2015_Data_model,25,612,0,0.0,2015-12-30 10:01:50,2015-12-30 10:12:01,611.0
20,iforest_P4_SWAT_Dec2015_Data_model,26,1445,0,0.0,2015-12-30 17:04:56,2015-12-30 17:29:00,1444.0
21,iforest_P4_SWAT_Dec2015_Data_model,27,1691,0,0.0,2015-12-31 01:17:08,2015-12-31 01:45:18,1690.0
22,iforest_P4_SWAT_Dec2015_Data_model,28,34209,31970,93.45,2015-12-31 01:45:19,2015-12-31 11:15:27,2237.0
23,iforest_P4_SWAT_Dec2015_Data_model,29,121,0,0.0,2015-12-31 15:32:00,2015-12-31 15:34:00,120.0
24,iforest_P4_SWAT_Dec2015_Data_model,30,1171,0,0.0,2015-12-31 15:47:40,2015-12-31 16:07:10,1170.0
25,iforest_P4_SWAT_Dec2015_Data_model,31,367,0,0.0,2015-12-31 22:05:34,2015-12-31 22:11:40,366.0
26,iforest_P4_SWAT_Dec2015_Data_model,32,601,0,0.0,2016-01-01 10:36:00,2016-01-01 10:46:00,600.0
27,iforest_P4_SWAT_Dec2015_Data_model,33,444,0,0.0,2016-01-01 14:21:12,2016-01-01 14:28:35,443.0
28,iforest_P4_SWAT_Dec2015_Data_model,34,101,0,0.0,2016-01-01 17:12:40,2016-01-01 17:14:20,100.0
29,iforest_P4_SWAT_Dec2015_Data_model,35,481,0,0.0,2016-01-01 17:18:56,2016-01-01 17:26:56,480.0
30,iforest_P4_SWAT_Dec2015_Data_model,36,540,0,0.0,2016-01-01 22:16:01,2016-01-01 22:25:00,539.0
0,iforest_P5_SWAT_Dec2015_Data_model,1,940,361,38.4,2015-12-28 10:29:14,2015-12-28 10:44:53,12.0
1,iforest_P5_SWAT_Dec2015_Data_model,2,443,217,48.98,2015-12-28 10:51:08,2015-12-28 10:58:30,0.0
2,iforest_P5_SWAT_Dec2015_Data_model,3,383,123,32.11,2015-12-28 11:22:00,2015-12-28 11:28:22,0.0
3,iforest_P5_SWAT_Dec2015_Data_model,4,390,28,7.18,2015-12-28 11:47:39,2015-12-28 11:54:08,98.0
4,iforest_P5_SWAT_Dec2015_Data_model,6,196,8,4.08,2015-12-28 12:00:55,2015-12-28 12:04:10,174.0
5,iforest_P5_SWAT_Dec2015_Data_model,7,429,46,10.72,2015-12-28 12:08:25,2015-12-28 12:15:33,80.0
6,iforest_P5_SWAT_Dec2015_Data_model,8,964,0,0.0,2015-12-28 13:10:10,2015-12-28 13:26:13,963.0
7,iforest_P5_SWAT_Dec2015_Data_model,10,160,15,9.38,2015-12-28 14:16:20,2015-12-28 14:19:00,145.0
8,iforest_P5_SWAT_Dec2015_Data_model,11,561,560,99.82,2015-12-28 14:19:00,2015-12-28 14:28:20,0.0
9,iforest_P5_SWAT_Dec2015_Data_model,13,233,212,90.99,2015-12-29 11:11:25,2015-12-29 11:15:17,0.0
10,iforest_P5_SWAT_Dec2015_Data_model,14,431,413,95.82,2015-12-29 11:35:40,2015-12-29 11:42:50,0.0
11,iforest_P5_SWAT_Dec2015_Data_model,16,276,269,97.46,2015-12-29 11:57:25,2015-12-29 12:02:00,0.0
12,iforest_P5_SWAT_Dec2015_Data_model,17,717,714,99.58,2015-12-29 14:38:12,2015-12-29 14:50:08,0.0
13,iforest_P5_SWAT_Dec2015_Data_model,19,259,0,0.0,2015-12-29 18:10:43,2015-12-29 18:15:01,258.0
14,iforest_P5_SWAT_Dec2015_Data_model,20,395,0,0.0,2015-12-29 18:15:43,2015-12-29 18:22:17,394.0
15,iforest_P5_SWAT_Dec2015_Data_model,21,721,0,0.0,2015-12-29 18:30:00,2015-12-29 18:42:00,720.0
16,iforest_P5_SWAT_Dec2015_Data_model,22,463,455,98.27,2015-12-29 22:55:18,2015-12-29 23:03:00,0.0
17,iforest_P5_SWAT_Dec2015_Data_model,23,697,0,0.0,2015-12-30 01:42:34,2015-12-30 01:54:10,696.0
18,iforest_P5_SWAT_Dec2015_Data_model,24,321,0,0.0,2015-12-30 09:51:08,2015-12-30 09:56:28,320.0
19,iforest_P5_SWAT_Dec2015_Data_model,25,612,0,0.0,2015-12-30 10:01:50,2015-12-30 10:12:01,611.0
20,iforest_P5_SWAT_Dec2015_Data_model,26,1445,7,0.48,2015-12-30 17:04:56,2015-12-30 17:29:00,258.0
21,iforest_P5_SWAT_Dec2015_Data_model,27,1691,0,0.0,2015-12-31 01:17:08,2015-12-31 01:45:18,1690.0
22,iforest_P5_SWAT_Dec2015_Data_model,28,34209,31971,93.46,2015-12-31 01:45:19,2015-12-31 11:15:27,2238.0
23,iforest_P5_SWAT_Dec2015_Data_model,29,121,0,0.0,2015-12-31 15:32:00,2015-12-31 15:34:00,120.0
24,iforest_P5_SWAT_Dec2015_Data_model,30,1171,0,0.0,2015-12-31 15:47:40,2015-12-31 16:07:10,1170.0
25,iforest_P5_SWAT_Dec2015_Data_model,31,367,0,0.0,2015-12-31 22:05:34,2015-12-31 22:11:40,366.0
26,iforest_P5_SWAT_Dec2015_Data_model,32,601,0,0.0,2016-01-01 10:36:00,2016-01-01 10:46:00,600.0
27,iforest_P5_SWAT_Dec2015_Data_model,33,444,0,0.0,2016-01-01 14:21:12,2016-01-01 14:28:35,443.0
28,iforest_P5_SWAT_Dec2015_Data_model,34,101,0,0.0,2016-01-01 17:12:40,2016-01-01 17:14:20,100.0
29,iforest_P5_SWAT_Dec2015_Data_model,35,481,0,0.0,2016-01-01 17:18:56,2016-01-01 17:26:56,480.0
30,iforest_P5_SWAT_Dec2015_Data_model,36,540,0,0.0,2016-01-01 22:16:01,2016-01-01 22:25:00,539.0
0,iforest_P6_SWAT_Dec2015_Data_model,1,940,0,0.0,2015-12-28 10:29:14,2015-12-28 10:44:53,939.0
1,iforest_P6_SWAT_Dec2015_Data_model,2,443,87,19.64,2015-12-28 10:51:08,2015-12-28 10:58:30,80.0
2,iforest_P6_SWAT_Dec2015_Data_model,3,383,102,26.63,2015-12-28 11:22:00,2015-12-28 11:28:22,0.0
3,iforest_P6_SWAT_Dec2015_Data_model,4,390,0,0.0,2015-12-28 11:47:39,2015-12-28 11:54:08,389.0
4,iforest_P6_SWAT_Dec2015_Data_model,6,196,0,0.0,2015-12-28 12:00:55,2015-12-28 12:04:10,195.0
5,iforest_P6_SWAT_Dec2015_Data_model,7,429,0,0.0,2015-12-28 12:08:25,2015-12-28 12:15:33,428.0
6,iforest_P6_SWAT_Dec2015_Data_model,8,964,392,40.66,2015-12-28 13:10:10,2015-12-28 13:26:13,0.0
7,iforest_P6_SWAT_Dec2015_Data_model,10,160,0,0.0,2015-12-28 14:16:20,2015-12-28 14:19:00,159.0
8,iforest_P6_SWAT_Dec2015_Data_model,11,561,53,9.45,2015-12-28 14:19:00,2015-12-28 14:28:20,508.0
9,iforest_P6_SWAT_Dec2015_Data_model,13,233,0,0.0,2015-12-29 11:11:25,2015-12-29 11:15:17,232.0
10,iforest_P6_SWAT_Dec2015_Data_model,14,431,0,0.0,2015-12-29 11:35:40,2015-12-29 11:42:50,430.0
11,iforest_P6_SWAT_Dec2015_Data_model,16,276,0,0.0,2015-12-29 11:57:25,2015-12-29 12:02:00,275.0
12,iforest_P6_SWAT_Dec2015_Data_model,17,717,14,1.95,2015-12-29 14:38:12,2015-12-29 14:50:08,703.0
13,iforest_P6_SWAT_Dec2015_Data_model,19,259,77,29.73,2015-12-29 18:10:43,2015-12-29 18:15:01,55.0
14,iforest_P6_SWAT_Dec2015_Data_model,20,395,0,0.0,2015-12-29 18:15:43,2015-12-29 18:22:17,394.0
15,iforest_P6_SWAT_Dec2015_Data_model,21,721,279,38.7,2015-12-29 18:30:00,2015-12-29 18:42:00,123.0
16,iforest_P6_SWAT_Dec2015_Data_model,22,463,0,0.0,2015-12-29 22:55:18,2015-12-29 23:03:00,462.0
17,iforest_P6_SWAT_Dec2015_Data_model,23,697,23,3.3,2015-12-30 01:42:34,2015-12-30 01:54:10,674.0
18,iforest_P6_SWAT_Dec2015_Data_model,24,321,0,0.0,2015-12-30 09:51:08,2015-12-30 09:56:28,320.0
19,iforest_P6_SWAT_Dec2015_Data_model,25,612,0,0.0,2015-12-30 10:01:50,2015-12-30 10:12:01,611.0
20,iforest_P6_SWAT_Dec2015_Data_model,26,1445,68,4.71,2015-12-30 17:04:56,2015-12-30 17:29:00,1008.0
21,iforest_P6_SWAT_Dec2015_Data_model,27,1691,15,0.89,2015-12-31 01:17:08,2015-12-31 01:45:18,153.0
22,iforest_P6_SWAT_Dec2015_Data_model,28,34209,64,0.19,2015-12-31 01:45:19,2015-12-31 11:15:27,1836.0
23,iforest_P6_SWAT_Dec2015_Data_model,29,121,0,0.0,2015-12-31 15:32:00,2015-12-31 15:34:00,120.0
24,iforest_P6_SWAT_Dec2015_Data_model,30,1171,0,0.0,2015-12-31 15:47:40,2015-12-31 16:07:10,1170.0
25,iforest_P6_SWAT_Dec2015_Data_model,31,367,2,0.54,2015-12-31 22:05:34,2015-12-31 22:11:40,360.0
26,iforest_P6_SWAT_Dec2015_Data_model,32,601,0,0.0,2016-01-01 10:36:00,2016-01-01 10:46:00,600.0
27,iforest_P6_SWAT_Dec2015_Data_model,33,444,52,11.71,2016-01-01 14:21:12,2016-01-01 14:28:35,68.0
28,iforest_P6_SWAT_Dec2015_Data_model,34,101,0,0.0,2016-01-01 17:12:40,2016-01-01 17:14:20,100.0
29,iforest_P6_SWAT_Dec2015_Data_model,35,481,22,4.57,2016-01-01 17:18:56,2016-01-01 17:26:56,0.0
30,iforest_P6_SWAT_Dec2015_Data_model,36,540,0,0.0,2016-01-01 22:16:01,2016-01-01 22:25:00,539.0
0,mcd_P1_SWAT_Dec2015_Data_model,1,940,8,0.85,2015-12-28 10:29:14,2015-12-28 10:44:53,932.0
1,mcd_P1_SWAT_Dec2015_Data_model,2,443,85,19.19,2015-12-28 10:51:08,2015-12-28 10:58:30,0.0
2,mcd_P1_SWAT_Dec2015_Data_model,3,383,143,37.34,2015-12-28 11:22:00,2015-12-28 11:28:22,240.0
3,mcd_P1_SWAT_Dec2015_Data_model,4,390,0,0.0,2015-12-28 11:47:39,2015-12-28 11:54:08,389.0
4,mcd_P1_SWAT_Dec2015_Data_model,6,196,0,0.0,2015-12-28 12:00:55,2015-12-28 12:04:10,195.0
5,mcd_P1_SWAT_Dec2015_Data_model,7,429,0,0.0,2015-12-28 12:08:25,2015-12-28 12:15:33,428.0
6,mcd_P1_SWAT_Dec2015_Data_model,8,964,0,0.0,2015-12-28 13:10:10,2015-12-28 13:26:13,963.0
7,mcd_P1_SWAT_Dec2015_Data_model,10,160,0,0.0,2015-12-28 14:16:20,2015-12-28 14:19:00,159.0
8,mcd_P1_SWAT_Dec2015_Data_model,11,561,0,0.0,2015-12-28 14:19:00,2015-12-28 14:28:20,560.0
9,mcd_P1_SWAT_Dec2015_Data_model,13,233,0,0.0,2015-12-29 11:11:25,2015-12-29 11:15:17,232.0
10,mcd_P1_SWAT_Dec2015_Data_model,14,431,0,0.0,2015-12-29 11:35:40,2015-12-29 11:42:50,430.0
11,mcd_P1_SWAT_Dec2015_Data_model,16,276,276,100.0,2015-12-29 11:57:25,2015-12-29 12:02:00,0.0
12,mcd_P1_SWAT_Dec2015_Data_model,17,717,0,0.0,2015-12-29 14:38:12,2015-12-29 14:50:08,716.0
13,mcd_P1_SWAT_Dec2015_Data_model,19,259,0,0.0,2015-12-29 18:10:43,2015-12-29 18:15:01,258.0
14,mcd_P1_SWAT_Dec2015_Data_model,20,395,0,0.0,2015-12-29 18:15:43,2015-12-29 18:22:17,394.0
15,mcd_P1_SWAT_Dec2015_Data_model,21,721,0,0.0,2015-12-29 18:30:00,2015-12-29 18:42:00,720.0
16,mcd_P1_SWAT_Dec2015_Data_model,22,463,317,68.47,2015-12-29 22:55:18,2015-12-29 23:03:00,0.0
17,mcd_P1_SWAT_Dec2015_Data_model,23,697,0,0.0,2015-12-30 01:42:34,2015-12-30 01:54:10,696.0
18,mcd_P1_SWAT_Dec2015_Data_model,24,321,0,0.0,2015-12-30 09:51:08,2015-12-30 09:56:28,320.0
19,mcd_P1_SWAT_Dec2015_Data_model,25,612,579,94.61,2015-12-30 10:01:50,2015-12-30 10:12:01,33.0
20,mcd_P1_SWAT_Dec2015_Data_model,26,1445,41,2.84,2015-12-30 17:04:56,2015-12-30 17:29:00,0.0
21,mcd_P1_SWAT_Dec2015_Data_model,27,1691,0,0.0,2015-12-31 01:17:08,2015-12-31 01:45:18,1690.0
22,mcd_P1_SWAT_Dec2015_Data_model,28,34209,33423,97.7,2015-12-31 01:45:19,2015-12-31 11:15:27,786.0
23,mcd_P1_SWAT_Dec2015_Data_model,29,121,0,0.0,2015-12-31 15:32:00,2015-12-31 15:34:00,120.0
24,mcd_P1_SWAT_Dec2015_Data_model,30,1171,1137,97.1,2015-12-31 15:47:40,2015-12-31 16:07:10,0.0
25,mcd_P1_SWAT_Dec2015_Data_model,31,367,54,14.71,2015-12-31 22:05:34,2015-12-31 22:11:40,313.0
26,mcd_P1_SWAT_Dec2015_Data_model,32,601,0,0.0,2016-01-01 10:36:00,2016-01-01 10:46:00,600.0
27,mcd_P1_SWAT_Dec2015_Data_model,33,444,377,84.91,2016-01-01 14:21:12,2016-01-01 14:28:35,67.0
28,mcd_P1_SWAT_Dec2015_Data_model,34,101,0,0.0,2016-01-01 17:12:40,2016-01-01 17:14:20,100.0
29,mcd_P1_SWAT_Dec2015_Data_model,35,481,0,0.0,2016-01-01 17:18:56,2016-01-01 17:26:56,480.0
30,mcd_P1_SWAT_Dec2015_Data_model,36,540,0,0.0,2016-01-01 22:16:01,2016-01-01 22:25:00,539.0
0,mcd_P2_SWAT_Dec2015_Data_model,1,940,6,0.64,2015-12-28 10:29:14,2015-12-28 10:44:53,77.0
1,mcd_P2_SWAT_Dec2015_Data_model,2,443,0,0.0,2015-12-28 10:51:08,2015-12-28 10:58:30,442.0
2,mcd_P2_SWAT_Dec2015_Data_model,3,383,0,0.0,2015-12-28 11:22:00,2015-12-28 11:28:22,382.0
3,mcd_P2_SWAT_Dec2015_Data_model,4,390,0,0.0,2015-12-28 11:47:39,2015-12-28 11:54:08,389.0
4,mcd_P2_SWAT_Dec2015_Data_model,6,196,177,90.31,2015-12-28 12:00:55,2015-12-28 12:04:10,0.0
5,mcd_P2_SWAT_Dec2015_Data_model,7,429,6,1.4,2015-12-28 12:08:25,2015-12-28 12:15:33,417.0
6,mcd_P2_SWAT_Dec2015_Data_model,8,964,7,0.73,2015-12-28 13:10:10,2015-12-28 13:26:13,506.0
7,mcd_P2_SWAT_Dec2015_Data_model,10,160,0,0.0,2015-12-28 14:16:20,2015-12-28 14:19:00,159.0
8,mcd_P2_SWAT_Dec2015_Data_model,11,561,7,1.25,2015-12-28 14:19:00,2015-12-28 14:28:20,527.0
9,mcd_P2_SWAT_Dec2015_Data_model,13,233,0,0.0,2015-12-29 11:11:25,2015-12-29 11:15:17,232.0
10,mcd_P2_SWAT_Dec2015_Data_model,14,431,7,1.62,2015-12-29 11:35:40,2015-12-29 11:42:50,267.0
11,mcd_P2_SWAT_Dec2015_Data_model,16,276,7,2.54,2015-12-29 11:57:25,2015-12-29 12:02:00,25.0
12,mcd_P2_SWAT_Dec2015_Data_model,17,717,7,0.98,2015-12-29 14:38:12,2015-12-29 14:50:08,560.0
13,mcd_P2_SWAT_Dec2015_Data_model,19,259,0,0.0,2015-12-29 18:10:43,2015-12-29 18:15:01,258.0
14,mcd_P2_SWAT_Dec2015_Data_model,20,395,0,0.0,2015-12-29 18:15:43,2015-12-29 18:22:17,394.0
15,mcd_P2_SWAT_Dec2015_Data_model,21,721,0,0.0,2015-12-29 18:30:00,2015-12-29 18:42:00,720.0
16,mcd_P2_SWAT_Dec2015_Data_model,22,463,0,0.0,2015-12-29 22:55:18,2015-12-29 23:03:00,462.0
17,mcd_P2_SWAT_Dec2015_Data_model,23,697,7,1.0,2015-12-30 01:42:34,2015-12-30 01:54:10,129.0
18,mcd_P2_SWAT_Dec2015_Data_model,24,321,106,33.02,2015-12-30 09:51:08,2015-12-30 09:56:28,0.0
19,mcd_P2_SWAT_Dec2015_Data_model,25,612,0,0.0,2015-12-30 10:01:50,2015-12-30 10:12:01,611.0
20,mcd_P2_SWAT_Dec2015_Data_model,26,1445,8,0.55,2015-12-30 17:04:56,2015-12-30 17:29:00,1422.0
21,mcd_P2_SWAT_Dec2015_Data_model,27,1691,0,0.0,2015-12-31 01:17:08,2015-12-31 01:45:18,1690.0
22,mcd_P2_SWAT_Dec2015_Data_model,28,34209,8,0.02,2015-12-31 01:45:19,2015-12-31 11:15:27,195.0
23,mcd_P2_SWAT_Dec2015_Data_model,29,121,0,0.0,2015-12-31 15:32:00,2015-12-31 15:34:00,120.0
24,mcd_P2_SWAT_Dec2015_Data_model,30,1171,1165,99.49,2015-12-31 15:47:40,2015-12-31 16:07:10,0.0
25,mcd_P2_SWAT_Dec2015_Data_model,31,367,0,0.0,2015-12-31 22:05:34,2015-12-31 22:11:40,366.0
26,mcd_P2_SWAT_Dec2015_Data_model,32,601,9,1.5,2016-01-01 10:36:00,2016-01-01 10:46:00,41.0
27,mcd_P2_SWAT_Dec2015_Data_model,33,444,0,0.0,2016-01-01 14:21:12,2016-01-01 14:28:35,443.0
28,mcd_P2_SWAT_Dec2015_Data_model,34,101,0,0.0,2016-01-01 17:12:40,2016-01-01 17:14:20,100.0
29,mcd_P2_SWAT_Dec2015_Data_model,35,481,435,90.44,2016-01-01 17:18:56,2016-01-01 17:26:56,43.0
30,mcd_P2_SWAT_Dec2015_Data_model,36,540,103,19.07,2016-01-01 22:16:01,2016-01-01 22:25:00,437.0
0,mcd_P3_SWAT_Dec2015_Data_model,1,940,0,0.0,2015-12-28 10:29:14,2015-12-28 10:44:53,939.0
1,mcd_P3_SWAT_Dec2015_Data_model,2,443,107,24.15,2015-12-28 10:51:08,2015-12-28 10:58:30,72.0
2,mcd_P3_SWAT_Dec2015_Data_model,3,383,307,80.16,2015-12-28 11:22:00,2015-12-28 11:28:22,76.0
3,mcd_P3_SWAT_Dec2015_Data_model,4,390,0,0.0,2015-12-28 11:47:39,2015-12-28 11:54:08,389.0
4,mcd_P3_SWAT_Dec2015_Data_model,6,196,0,0.0,2015-12-28 12:00:55,2015-12-28 12:04:10,195.0
5,mcd_P3_SWAT_Dec2015_Data_model,7,429,0,0.0,2015-12-28 12:08:25,2015-12-28 12:15:33,428.0
6,mcd_P3_SWAT_Dec2015_Data_model,8,964,636,65.98,2015-12-28 13:10:10,2015-12-28 13:26:13,0.0
7,mcd_P3_SWAT_Dec2015_Data_model,10,160,0,0.0,2015-12-28 14:16:20,2015-12-28 14:19:00,159.0
8,mcd_P3_SWAT_Dec2015_Data_model,11,561,60,10.7,2015-12-28 14:19:00,2015-12-28 14:28:20,501.0
9,mcd_P3_SWAT_Dec2015_Data_model,13,233,0,0.0,2015-12-29 11:11:25,2015-12-29 11:15:17,232.0
10,mcd_P3_SWAT_Dec2015_Data_model,14,431,185,42.92,2015-12-29 11:35:40,2015-12-29 11:42:50,246.0
11,mcd_P3_SWAT_Dec2015_Data_model,16,276,0,0.0,2015-12-29 11:57:25,2015-12-29 12:02:00,275.0
12,mcd_P3_SWAT_Dec2015_Data_model,17,717,460,64.16,2015-12-29 14:38:12,2015-12-29 14:50:08,257.0
13,mcd_P3_SWAT_Dec2015_Data_model,19,259,107,41.31,2015-12-29 18:10:43,2015-12-29 18:15:01,47.0
14,mcd_P3_SWAT_Dec2015_Data_model,20,395,0,0.0,2015-12-29 18:15:43,2015-12-29 18:22:17,394.0
15,mcd_P3_SWAT_Dec2015_Data_model,21,721,0,0.0,2015-12-29 18:30:00,2015-12-29 18:42:00,720.0
16,mcd_P3_SWAT_Dec2015_Data_model,22,463,0,0.0,2015-12-29 22:55:18,2015-12-29 23:03:00,462.0
17,mcd_P3_SWAT_Dec2015_Data_model,23,697,697,100.0,2015-12-30 01:42:34,2015-12-30 01:54:10,0.0
18,mcd_P3_SWAT_Dec2015_Data_model,24,321,241,75.08,2015-12-30 09:51:08,2015-12-30 09:56:28,80.0
19,mcd_P3_SWAT_Dec2015_Data_model,25,612,603,98.53,2015-12-30 10:01:50,2015-12-30 10:12:01,0.0
20,mcd_P3_SWAT_Dec2015_Data_model,26,1445,109,7.54,2015-12-30 17:04:56,2015-12-30 17:29:00,1000.0
21,mcd_P3_SWAT_Dec2015_Data_model,27,1691,0,0.0,2015-12-31 01:17:08,2015-12-31 01:45:18,1690.0
22,mcd_P3_SWAT_Dec2015_Data_model,28,34209,34200,99.97,2015-12-31 01:45:19,2015-12-31 11:15:27,9.0
23,mcd_P3_SWAT_Dec2015_Data_model,29,121,121,100.0,2015-12-31 15:32:00,2015-12-31 15:34:00,0.0
24,mcd_P3_SWAT_Dec2015_Data_model,30,1171,0,0.0,2015-12-31 15:47:40,2015-12-31 16:07:10,1170.0
25,mcd_P3_SWAT_Dec2015_Data_model,31,367,14,3.81,2015-12-31 22:05:34,2015-12-31 22:11:40,0.0
26,mcd_P3_SWAT_Dec2015_Data_model,32,601,0,0.0,2016-01-01 10:36:00,2016-01-01 10:46:00,600.0
27,mcd_P3_SWAT_Dec2015_Data_model,33,444,107,24.1,2016-01-01 14:21:12,2016-01-01 14:28:35,61.0
28,mcd_P3_SWAT_Dec2015_Data_model,34,101,0,0.0,2016-01-01 17:12:40,2016-01-01 17:14:20,100.0
29,mcd_P3_SWAT_Dec2015_Data_model,35,481,65,13.51,2016-01-01 17:18:56,2016-01-01 17:26:56,0.0
30,mcd_P3_SWAT_Dec2015_Data_model,36,540,2,0.37,2016-01-01 22:16:01,2016-01-01 22:25:00,0.0
0,mcd_P5_SWAT_Dec2015_Data_model,1,940,0,0.0,2015-12-28 10:29:14,2015-12-28 10:44:53,939.0
1,mcd_P5_SWAT_Dec2015_Data_model,2,443,0,0.0,2015-12-28 10:51:08,2015-12-28 10:58:30,442.0
2,mcd_P5_SWAT_Dec2015_Data_model,3,383,0,0.0,2015-12-28 11:22:00,2015-12-28 11:28:22,382.0
3,mcd_P5_SWAT_Dec2015_Data_model,4,390,0,0.0,2015-12-28 11:47:39,2015-12-28 11:54:08,389.0
4,mcd_P5_SWAT_Dec2015_Data_model,6,196,0,0.0,2015-12-28 12:00:55,2015-12-28 12:04:10,195.0
5,mcd_P5_SWAT_Dec2015_Data_model,7,429,0,0.0,2015-12-28 12:08:25,2015-12-28 12:15:33,428.0
6,mcd_P5_SWAT_Dec2015_Data_model,8,964,0,0.0,2015-12-28 13:10:10,2015-12-28 13:26:13,963.0
7,mcd_P5_SWAT_Dec2015_Data_model,10,160,0,0.0,2015-12-28 14:16:20,2015-12-28 14:19:00,159.0
8,mcd_P5_SWAT_Dec2015_Data_model,11,561,0,0.0,2015-12-28 14:19:00,2015-12-28 14:28:20,560.0
9,mcd_P5_SWAT_Dec2015_Data_model,13,233,0,0.0,2015-12-29 11:11:25,2015-12-29 11:15:17,232.0
10,mcd_P5_SWAT_Dec2015_Data_model,14,431,0,0.0,2015-12-29 11:35:40,2015-12-29 11:42:50,430.0
11,mcd_P5_SWAT_Dec2015_Data_model,16,276,0,0.0,2015-12-29 11:57:25,2015-12-29 12:02:00,275.0
12,mcd_P5_SWAT_Dec2015_Data_model,17,717,0,0.0,2015-12-29 14:38:12,2015-12-29 14:50:08,716.0
13,mcd_P5_SWAT_Dec2015_Data_model,19,259,0,0.0,2015-12-29 18:10:43,2015-12-29 18:15:01,258.0
14,mcd_P5_SWAT_Dec2015_Data_model,20,395,372,94.18,2015-12-29 18:15:43,2015-12-29 18:22:17,0.0
15,mcd_P5_SWAT_Dec2015_Data_model,21,721,0,0.0,2015-12-29 18:30:00,2015-12-29 18:42:00,720.0
16,mcd_P5_SWAT_Dec2015_Data_model,22,463,0,0.0,2015-12-29 22:55:18,2015-12-29 23:03:00,462.0
17,mcd_P5_SWAT_Dec2015_Data_model,23,697,0,0.0,2015-12-30 01:42:34,2015-12-30 01:54:10,696.0
18,mcd_P5_SWAT_Dec2015_Data_model,24,321,0,0.0,2015-12-30 09:51:08,2015-12-30 09:56:28,320.0
19,mcd_P5_SWAT_Dec2015_Data_model,25,612,0,0.0,2015-12-30 10:01:50,2015-12-30 10:12:01,611.0
20,mcd_P5_SWAT_Dec2015_Data_model,26,1445,0,0.0,2015-12-30 17:04:56,2015-12-30 17:29:00,1444.0
21,mcd_P5_SWAT_Dec2015_Data_model,27,1691,0,0.0,2015-12-31 01:17:08,2015-12-31 01:45:18,1690.0
22,mcd_P5_SWAT_Dec2015_Data_model,28,34209,31964,93.44,2015-12-31 01:45:19,2015-12-31 11:15:27,2245.0
23,mcd_P5_SWAT_Dec2015_Data_model,29,121,0,0.0,2015-12-31 15:32:00,2015-12-31 15:34:00,120.0
24,mcd_P5_SWAT_Dec2015_Data_model,30,1171,0,0.0,2015-12-31 15:47:40,2015-12-31 16:07:10,1170.0
25,mcd_P5_SWAT_Dec2015_Data_model,31,367,0,0.0,2015-12-31 22:05:34,2015-12-31 22:11:40,366.0
26,mcd_P5_SWAT_Dec2015_Data_model,32,601,0,0.0,2016-01-01 10:36:00,2016-01-01 10:46:00,600.0
27,mcd_P5_SWAT_Dec2015_Data_model,33,444,0,0.0,2016-01-01 14:21:12,2016-01-01 14:28:35,443.0
28,mcd_P5_SWAT_Dec2015_Data_model,34,101,0,0.0,2016-01-01 17:12:40,2016-01-01 17:14:20,100.0
29,mcd_P5_SWAT_Dec2015_Data_model,35,481,0,0.0,2016-01-01 17:18:56,2016-01-01 17:26:56,480.0
30,mcd_P5_SWAT_Dec2015_Data_model,36,540,0,0.0,2016-01-01 22:16:01,2016-01-01 22:25:00,539.0
0,mcd_P6_SWAT_Dec2015_Data_model,1,940,0,0.0,2015-12-28 10:29:14,2015-12-28 10:44:53,939.0
1,mcd_P6_SWAT_Dec2015_Data_model,2,443,33,7.45,2015-12-28 10:51:08,2015-12-28 10:58:30,88.0
2,mcd_P6_SWAT_Dec2015_Data_model,3,383,0,0.0,2015-12-28 11:22:00,2015-12-28 11:28:22,382.0
3,mcd_P6_SWAT_Dec2015_Data_model,4,390,0,0.0,2015-12-28 11:47:39,2015-12-28 11:54:08,389.0
4,mcd_P6_SWAT_Dec2015_Data_model,6,196,0,0.0,2015-12-28 12:00:55,2015-12-28 12:04:10,195.0
5,mcd_P6_SWAT_Dec2015_Data_model,7,429,0,0.0,2015-12-28 12:08:25,2015-12-28 12:15:33,428.0
6,mcd_P6_SWAT_Dec2015_Data_model,8,964,181,18.78,2015-12-28 13:10:10,2015-12-28 13:26:13,0.0
7,mcd_P6_SWAT_Dec2015_Data_model,10,160,0,0.0,2015-12-28 14:16:20,2015-12-28 14:19:00,159.0
8,mcd_P6_SWAT_Dec2015_Data_model,11,561,35,6.24,2015-12-28 14:19:00,2015-12-28 14:28:20,516.0
9,mcd_P6_SWAT_Dec2015_Data_model,13,233,0,0.0,2015-12-29 11:11:25,2015-12-29 11:15:17,232.0
10,mcd_P6_SWAT_Dec2015_Data_model,14,431,0,0.0,2015-12-29 11:35:40,2015-12-29 11:42:50,430.0
11,mcd_P6_SWAT_Dec2015_Data_model,16,276,0,0.0,2015-12-29 11:57:25,2015-12-29 12:02:00,275.0
12,mcd_P6_SWAT_Dec2015_Data_model,17,717,7,0.98,2015-12-29 14:38:12,2015-12-29 14:50:08,710.0
13,mcd_P6_SWAT_Dec2015_Data_model,19,259,34,13.13,2015-12-29 18:10:43,2015-12-29 18:15:01,62.0
14,mcd_P6_SWAT_Dec2015_Data_model,20,395,0,0.0,2015-12-29 18:15:43,2015-12-29 18:22:17,394.0
15,mcd_P6_SWAT_Dec2015_Data_model,21,721,0,0.0,2015-12-29 18:30:00,2015-12-29 18:42:00,720.0
16,mcd_P6_SWAT_Dec2015_Data_model,22,463,0,0.0,2015-12-29 22:55:18,2015-12-29 23:03:00,462.0
17,mcd_P6_SWAT_Dec2015_Data_model,23,697,16,2.3,2015-12-30 01:42:34,2015-12-30 01:54:10,681.0
18,mcd_P6_SWAT_Dec2015_Data_model,24,321,0,0.0,2015-12-30 09:51:08,2015-12-30 09:56:28,320.0
19,mcd_P6_SWAT_Dec2015_Data_model,25,612,0,0.0,2015-12-30 10:01:50,2015-12-30 10:12:01,611.0
20,mcd_P6_SWAT_Dec2015_Data_model,26,1445,36,2.49,2015-12-30 17:04:56,2015-12-30 17:29:00,1016.0
21,mcd_P6_SWAT_Dec2015_Data_model,27,1691,0,0.0,2015-12-31 01:17:08,2015-12-31 01:45:18,1690.0
22,mcd_P6_SWAT_Dec2015_Data_model,28,34209,0,0.0,2015-12-31 01:45:19,2015-12-31 11:15:27,34208.0
23,mcd_P6_SWAT_Dec2015_Data_model,29,121,0,0.0,2015-12-31 15:32:00,2015-12-31 15:34:00,120.0
24,mcd_P6_SWAT_Dec2015_Data_model,30,1171,0,0.0,2015-12-31 15:47:40,2015-12-31 16:07:10,1170.0
25,mcd_P6_SWAT_Dec2015_Data_model,31,367,0,0.0,2015-12-31 22:05:34,2015-12-31 22:11:40,366.0
26,mcd_P6_SWAT_Dec2015_Data_model,32,601,0,0.0,2016-01-01 10:36:00,2016-01-01 10:46:00,600.0
27,mcd_P6_SWAT_Dec2015_Data_model,33,444,34,7.66,2016-01-01 14:21:12,2016-01-01 14:28:35,76.0
28,mcd_P6_SWAT_Dec2015_Data_model,34,101,0,0.0,2016-01-01 17:12:40,2016-01-01 17:14:20,100.0
29,mcd_P6_SWAT_Dec2015_Data_model,35,481,7,1.46,2016-01-01 17:18:56,2016-01-01 17:26:56,0.0
30,mcd_P6_SWAT_Dec2015_Data_model,36,540,0,0.0,2016-01-01 22:16:01,2016-01-01 22:25:00,539.0
0,lof_P1_SWAT_Dec2015_Data_model,1,940,0,0.0,2015-12-28 10:29:14,2015-12-28 10:44:53,939.0
1,lof_P1_SWAT_Dec2015_Data_model,2,443,0,0.0,2015-12-28 10:51:08,2015-12-28 10:58:30,442.0
2,lof_P1_SWAT_Dec2015_Data_model,3,383,0,0.0,2015-12-28 11:22:00,2015-12-28 11:28:22,382.0
3,lof_P1_SWAT_Dec2015_Data_model,4,390,0,0.0,2015-12-28 11:47:39,2015-12-28 11:54:08,389.0
4,lof_P1_SWAT_Dec2015_Data_model,6,196,0,0.0,2015-12-28 12:00:55,2015-12-28 12:04:10,195.0
5,lof_P1_SWAT_Dec2015_Data_model,7,429,0,0.0,2015-12-28 12:08:25,2015-12-28 12:15:33,428.0
6,lof_P1_SWAT_Dec2015_Data_model,8,964,0,0.0,2015-12-28 13:10:10,2015-12-28 13:26:13,963.0
7,lof_P1_SWAT_Dec2015_Data_model,10,160,0,0.0,2015-12-28 14:16:20,2015-12-28 14:19:00,159.0
8,lof_P1_SWAT_Dec2015_Data_model,11,561,0,0.0,2015-12-28 14:19:00,2015-12-28 14:28:20,560.0
9,lof_P1_SWAT_Dec2015_Data_model,13,233,0,0.0,2015-12-29 11:11:25,2015-12-29 11:15:17,232.0
10,lof_P1_SWAT_Dec2015_Data_model,14,431,0,0.0,2015-12-29 11:35:40,2015-12-29 11:42:50,430.0
11,lof_P1_SWAT_Dec2015_Data_model,16,276,0,0.0,2015-12-29 11:57:25,2015-12-29 12:02:00,275.0
12,lof_P1_SWAT_Dec2015_Data_model,17,717,0,0.0,2015-12-29 14:38:12,2015-12-29 14:50:08,716.0
13,lof_P1_SWAT_Dec2015_Data_model,19,259,0,0.0,2015-12-29 18:10:43,2015-12-29 18:15:01,258.0
14,lof_P1_SWAT_Dec2015_Data_model,20,395,0,0.0,2015-12-29 18:15:43,2015-12-29 18:22:17,394.0
15,lof_P1_SWAT_Dec2015_Data_model,21,721,0,0.0,2015-12-29 18:30:00,2015-12-29 18:42:00,720.0
16,lof_P1_SWAT_Dec2015_Data_model,22,463,0,0.0,2015-12-29 22:55:18,2015-12-29 23:03:00,462.0
17,lof_P1_SWAT_Dec2015_Data_model,23,697,0,0.0,2015-12-30 01:42:34,2015-12-30 01:54:10,696.0
18,lof_P1_SWAT_Dec2015_Data_model,24,321,0,0.0,2015-12-30 09:51:08,2015-12-30 09:56:28,320.0
19,lof_P1_SWAT_Dec2015_Data_model,25,612,0,0.0,2015-12-30 10:01:50,2015-12-30 10:12:01,611.0
20,lof_P1_SWAT_Dec2015_Data_model,26,1445,0,0.0,2015-12-30 17:04:56,2015-12-30 17:29:00,1444.0
21,lof_P1_SWAT_Dec2015_Data_model,27,1691,0,0.0,2015-12-31 01:17:08,2015-12-31 01:45:18,1690.0
22,lof_P1_SWAT_Dec2015_Data_model,28,34209,0,0.0,2015-12-31 01:45:19,2015-12-31 11:15:27,34208.0
23,lof_P1_SWAT_Dec2015_Data_model,29,121,0,0.0,2015-12-31 15:32:00,2015-12-31 15:34:00,120.0
24,lof_P1_SWAT_Dec2015_Data_model,30,1171,0,0.0,2015-12-31 15:47:40,2015-12-31 16:07:10,1170.0
25,lof_P1_SWAT_Dec2015_Data_model,31,367,0,0.0,2015-12-31 22:05:34,2015-12-31 22:11:40,366.0
26,lof_P1_SWAT_Dec2015_Data_model,32,601,0,0.0,2016-01-01 10:36:00,2016-01-01 10:46:00,600.0
27,lof_P1_SWAT_Dec2015_Data_model,33,444,0,0.0,2016-01-01 14:21:12,2016-01-01 14:28:35,443.0
28,lof_P1_SWAT_Dec2015_Data_model,34,101,0,0.0,2016-01-01 17:12:40,2016-01-01 17:14:20,100.0
29,lof_P1_SWAT_Dec2015_Data_model,35,481,0,0.0,2016-01-01 17:18:56,2016-01-01 17:26:56,480.0
30,lof_P1_SWAT_Dec2015_Data_model,36,540,0,0.0,2016-01-01 22:16:01,2016-01-01 22:25:00,539.0
0,lof_P2_SWAT_Dec2015_Data_model,1,940,0,0.0,2015-12-28 10:29:14,2015-12-28 10:44:53,939.0
1,lof_P2_SWAT_Dec2015_Data_model,2,443,0,0.0,2015-12-28 10:51:08,2015-12-28 10:58:30,442.0
2,lof_P2_SWAT_Dec2015_Data_model,3,383,35,9.14,2015-12-28 11:22:00,2015-12-28 11:28:22,136.0
3,lof_P2_SWAT_Dec2015_Data_model,4,390,0,0.0,2015-12-28 11:47:39,2015-12-28 11:54:08,389.0
4,lof_P2_SWAT_Dec2015_Data_model,6,196,0,0.0,2015-12-28 12:00:55,2015-12-28 12:04:10,195.0
5,lof_P2_SWAT_Dec2015_Data_model,7,429,71,16.55,2015-12-28 12:08:25,2015-12-28 12:15:33,30.0
6,lof_P2_SWAT_Dec2015_Data_model,8,964,0,0.0,2015-12-28 13:10:10,2015-12-28 13:26:13,963.0
7,lof_P2_SWAT_Dec2015_Data_model,10,160,0,0.0,2015-12-28 14:16:20,2015-12-28 14:19:00,159.0
8,lof_P2_SWAT_Dec2015_Data_model,11,561,0,0.0,2015-12-28 14:19:00,2015-12-28 14:28:20,560.0
9,lof_P2_SWAT_Dec2015_Data_model,13,233,0,0.0,2015-12-29 11:11:25,2015-12-29 11:15:17,232.0
10,lof_P2_SWAT_Dec2015_Data_model,14,431,0,0.0,2015-12-29 11:35:40,2015-12-29 11:42:50,430.0
11,lof_P2_SWAT_Dec2015_Data_model,16,276,0,0.0,2015-12-29 11:57:25,2015-12-29 12:02:00,275.0
12,lof_P2_SWAT_Dec2015_Data_model,17,717,0,0.0,2015-12-29 14:38:12,2015-12-29 14:50:08,716.0
13,lof_P2_SWAT_Dec2015_Data_model,19,259,0,0.0,2015-12-29 18:10:43,2015-12-29 18:15:01,258.0
14,lof_P2_SWAT_Dec2015_Data_model,20,395,0,0.0,2015-12-29 18:15:43,2015-12-29 18:22:17,394.0
15,lof_P2_SWAT_Dec2015_Data_model,21,721,0,0.0,2015-12-29 18:30:00,2015-12-29 18:42:00,720.0
16,lof_P2_SWAT_Dec2015_Data_model,22,463,0,0.0,2015-12-29 22:55:18,2015-12-29 23:03:00,462.0
17,lof_P2_SWAT_Dec2015_Data_model,23,697,0,0.0,2015-12-30 01:42:34,2015-12-30 01:54:10,696.0
18,lof_P2_SWAT_Dec2015_Data_model,24,321,0,0.0,2015-12-30 09:51:08,2015-12-30 09:56:28,320.0
19,lof_P2_SWAT_Dec2015_Data_model,25,612,0,0.0,2015-12-30 10:01:50,2015-12-30 10:12:01,611.0
20,lof_P2_SWAT_Dec2015_Data_model,26,1445,0,0.0,2015-12-30 17:04:56,2015-12-30 17:29:00,1444.0
21,lof_P2_SWAT_Dec2015_Data_model,27,1691,0,0.0,2015-12-31 01:17:08,2015-12-31 01:45:18,1690.0
22,lof_P2_SWAT_Dec2015_Data_model,28,34209,0,0.0,2015-12-31 01:45:19,2015-12-31 11:15:27,34208.0
23,lof_P2_SWAT_Dec2015_Data_model,29,121,0,0.0,2015-12-31 15:32:00,2015-12-31 15:34:00,120.0
24,lof_P2_SWAT_Dec2015_Data_model,30,1171,0,0.0,2015-12-31 15:47:40,2015-12-31 16:07:10,1170.0
25,lof_P2_SWAT_Dec2015_Data_model,31,367,0,0.0,2015-12-31 22:05:34,2015-12-31 22:11:40,366.0
26,lof_P2_SWAT_Dec2015_Data_model,32,601,0,0.0,2016-01-01 10:36:00,2016-01-01 10:46:00,600.0
27,lof_P2_SWAT_Dec2015_Data_model,33,444,0,0.0,2016-01-01 14:21:12,2016-01-01 14:28:35,443.0
28,lof_P2_SWAT_Dec2015_Data_model,34,101,0,0.0,2016-01-01 17:12:40,2016-01-01 17:14:20,100.0
29,lof_P2_SWAT_Dec2015_Data_model,35,481,0,0.0,2016-01-01 17:18:56,2016-01-01 17:26:56,480.0
30,lof_P2_SWAT_Dec2015_Data_model,36,540,0,0.0,2016-01-01 22:16:01,2016-01-01 22:25:00,539.0
0,lof_P3_SWAT_Dec2015_Data_model,1,940,0,0.0,2015-12-28 10:29:14,2015-12-28 10:44:53,939.0
1,lof_P3_SWAT_Dec2015_Data_model,2,443,0,0.0,2015-12-28 10:51:08,2015-12-28 10:58:30,442.0
2,lof_P3_SWAT_Dec2015_Data_model,3,383,0,0.0,2015-12-28 11:22:00,2015-12-28 11:28:22,382.0
3,lof_P3_SWAT_Dec2015_Data_model,4,390,0,0.0,2015-12-28 11:47:39,2015-12-28 11:54:08,389.0
4,lof_P3_SWAT_Dec2015_Data_model,6,196,0,0.0,2015-12-28 12:00:55,2015-12-28 12:04:10,195.0
5,lof_P3_SWAT_Dec2015_Data_model,7,429,0,0.0,2015-12-28 12:08:25,2015-12-28 12:15:33,428.0
6,lof_P3_SWAT_Dec2015_Data_model,8,964,0,0.0,2015-12-28 13:10:10,2015-12-28 13:26:13,963.0
7,lof_P3_SWAT_Dec2015_Data_model,10,160,0,0.0,2015-12-28 14:16:20,2015-12-28 14:19:00,159.0
8,lof_P3_SWAT_Dec2015_Data_model,11,561,0,0.0,2015-12-28 14:19:00,2015-12-28 14:28:20,560.0
9,lof_P3_SWAT_Dec2015_Data_model,13,233,0,0.0,2015-12-29 11:11:25,2015-12-29 11:15:17,232.0
10,lof_P3_SWAT_Dec2015_Data_model,14,431,0,0.0,2015-12-29 11:35:40,2015-12-29 11:42:50,430.0
11,lof_P3_SWAT_Dec2015_Data_model,16,276,0,0.0,2015-12-29 11:57:25,2015-12-29 12:02:00,275.0
12,lof_P3_SWAT_Dec2015_Data_model,17,717,51,7.11,2015-12-29 14:38:12,2015-12-29 14:50:08,586.0
13,lof_P3_SWAT_Dec2015_Data_model,19,259,0,0.0,2015-12-29 18:10:43,2015-12-29 18:15:01,258.0
14,lof_P3_SWAT_Dec2015_Data_model,20,395,0,0.0,2015-12-29 18:15:43,2015-12-29 18:22:17,394.0
15,lof_P3_SWAT_Dec2015_Data_model,21,721,0,0.0,2015-12-29 18:30:00,2015-12-29 18:42:00,720.0
16,lof_P3_SWAT_Dec2015_Data_model,22,463,0,0.0,2015-12-29 22:55:18,2015-12-29 23:03:00,462.0
17,lof_P3_SWAT_Dec2015_Data_model,23,697,0,0.0,2015-12-30 01:42:34,2015-12-30 01:54:10,696.0
18,lof_P3_SWAT_Dec2015_Data_model,24,321,0,0.0,2015-12-30 09:51:08,2015-12-30 09:56:28,320.0
19,lof_P3_SWAT_Dec2015_Data_model,25,612,0,0.0,2015-12-30 10:01:50,2015-12-30 10:12:01,611.0
20,lof_P3_SWAT_Dec2015_Data_model,26,1445,0,0.0,2015-12-30 17:04:56,2015-12-30 17:29:00,1444.0
21,lof_P3_SWAT_Dec2015_Data_model,27,1691,0,0.0,2015-12-31 01:17:08,2015-12-31 01:45:18,1690.0
22,lof_P3_SWAT_Dec2015_Data_model,28,34209,0,0.0,2015-12-31 01:45:19,2015-12-31 11:15:27,34208.0
23,lof_P3_SWAT_Dec2015_Data_model,29,121,0,0.0,2015-12-31 15:32:00,2015-12-31 15:34:00,120.0
24,lof_P3_SWAT_Dec2015_Data_model,30,1171,0,0.0,2015-12-31 15:47:40,2015-12-31 16:07:10,1170.0
25,lof_P3_SWAT_Dec2015_Data_model,31,367,0,0.0,2015-12-31 22:05:34,2015-12-31 22:11:40,366.0
26,lof_P3_SWAT_Dec2015_Data_model,32,601,0,0.0,2016-01-01 10:36:00,2016-01-01 10:46:00,600.0
27,lof_P3_SWAT_Dec2015_Data_model,33,444,0,0.0,2016-01-01 14:21:12,2016-01-01 14:28:35,443.0
28,lof_P3_SWAT_Dec2015_Data_model,34,101,0,0.0,2016-01-01 17:12:40,2016-01-01 17:14:20,100.0
29,lof_P3_SWAT_Dec2015_Data_model,35,481,0,0.0,2016-01-01 17:18:56,2016-01-01 17:26:56,480.0
30,lof_P3_SWAT_Dec2015_Data_model,36,540,0,0.0,2016-01-01 22:16:01,2016-01-01 22:25:00,539.0
0,lof_P5_SWAT_Dec2015_Data_model,1,940,0,0.0,2015-12-28 10:29:14,2015-12-28 10:44:53,939.0
1,lof_P5_SWAT_Dec2015_Data_model,2,443,0,0.0,2015-12-28 10:51:08,2015-12-28 10:58:30,442.0
2,lof_P5_SWAT_Dec2015_Data_model,3,383,0,0.0,2015-12-28 11:22:00,2015-12-28 11:28:22,382.0
3,lof_P5_SWAT_Dec2015_Data_model,4,390,0,0.0,2015-12-28 11:47:39,2015-12-28 11:54:08,389.0
4,lof_P5_SWAT_Dec2015_Data_model,6,196,0,0.0,2015-12-28 12:00:55,2015-12-28 12:04:10,195.0
5,lof_P5_SWAT_Dec2015_Data_model,7,429,0,0.0,2015-12-28 12:08:25,2015-12-28 12:15:33,428.0
6,lof_P5_SWAT_Dec2015_Data_model,8,964,0,0.0,2015-12-28 13:10:10,2015-12-28 13:26:13,963.0
7,lof_P5_SWAT_Dec2015_Data_model,10,160,0,0.0,2015-12-28 14:16:20,2015-12-28 14:19:00,159.0
8,lof_P5_SWAT_Dec2015_Data_model,11,561,0,0.0,2015-12-28 14:19:00,2015-12-28 14:28:20,560.0
9,lof_P5_SWAT_Dec2015_Data_model,13,233,0,0.0,2015-12-29 11:11:25,2015-12-29 11:15:17,232.0
10,lof_P5_SWAT_Dec2015_Data_model,14,431,0,0.0,2015-12-29 11:35:40,2015-12-29 11:42:50,430.0
11,lof_P5_SWAT_Dec2015_Data_model,16,276,0,0.0,2015-12-29 11:57:25,2015-12-29 12:02:00,275.0
12,lof_P5_SWAT_Dec2015_Data_model,17,717,0,0.0,2015-12-29 14:38:12,2015-12-29 14:50:08,716.0
13,lof_P5_SWAT_Dec2015_Data_model,19,259,0,0.0,2015-12-29 18:10:43,2015-12-29 18:15:01,258.0
14,lof_P5_SWAT_Dec2015_Data_model,20,395,0,0.0,2015-12-29 18:15:43,2015-12-29 18:22:17,394.0
15,lof_P5_SWAT_Dec2015_Data_model,21,721,0,0.0,2015-12-29 18:30:00,2015-12-29 18:42:00,720.0
16,lof_P5_SWAT_Dec2015_Data_model,22,463,0,0.0,2015-12-29 22:55:18,2015-12-29 23:03:00,462.0
17,lof_P5_SWAT_Dec2015_Data_model,23,697,0,0.0,2015-12-30 01:42:34,2015-12-30 01:54:10,696.0
18,lof_P5_SWAT_Dec2015_Data_model,24,321,0,0.0,2015-12-30 09:51:08,2015-12-30 09:56:28,320.0
19,lof_P5_SWAT_Dec2015_Data_model,25,612,0,0.0,2015-12-30 10:01:50,2015-12-30 10:12:01,611.0
20,lof_P5_SWAT_Dec2015_Data_model,26,1445,0,0.0,2015-12-30 17:04:56,2015-12-30 17:29:00,1444.0
21,lof_P5_SWAT_Dec2015_Data_model,27,1691,0,0.0,2015-12-31 01:17:08,2015-12-31 01:45:18,1690.0
22,lof_P5_SWAT_Dec2015_Data_model,28,34209,31960,93.43,2015-12-31 01:45:19,2015-12-31 11:15:27,2245.0
23,lof_P5_SWAT_Dec2015_Data_model,29,121,0,0.0,2015-12-31 15:32:00,2015-12-31 15:34:00,120.0
24,lof_P5_SWAT_Dec2015_Data_model,30,1171,0,0.0,2015-12-31 15:47:40,2015-12-31 16:07:10,1170.0
25,lof_P5_SWAT_Dec2015_Data_model,31,367,0,0.0,2015-12-31 22:05:34,2015-12-31 22:11:40,366.0
26,lof_P5_SWAT_Dec2015_Data_model,32,601,0,0.0,2016-01-01 10:36:00,2016-01-01 10:46:00,600.0
27,lof_P5_SWAT_Dec2015_Data_model,33,444,0,0.0,2016-01-01 14:21:12,2016-01-01 14:28:35,443.0
28,lof_P5_SWAT_Dec2015_Data_model,34,101,0,0.0,2016-01-01 17:12:40,2016-01-01 17:14:20,100.0
29,lof_P5_SWAT_Dec2015_Data_model,35,481,0,0.0,2016-01-01 17:18:56,2016-01-01 17:26:56,480.0
30,lof_P5_SWAT_Dec2015_Data_model,36,540,0,0.0,2016-01-01 22:16:01,2016-01-01 22:25:00,539.0
0,lof_P6_SWAT_Dec2015_Data_model,1,940,0,0.0,2015-12-28 10:29:14,2015-12-28 10:44:53,939.0
1,lof_P6_SWAT_Dec2015_Data_model,2,443,0,0.0,2015-12-28 10:51:08,2015-12-28 10:58:30,442.0
2,lof_P6_SWAT_Dec2015_Data_model,3,383,0,0.0,2015-12-28 11:22:00,2015-12-28 11:28:22,382.0
3,lof_P6_SWAT_Dec2015_Data_model,4,390,0,0.0,2015-12-28 11:47:39,2015-12-28 11:54:08,389.0
4,lof_P6_SWAT_Dec2015_Data_model,6,196,0,0.0,2015-12-28 12:00:55,2015-12-28 12:04:10,195.0
5,lof_P6_SWAT_Dec2015_Data_model,7,429,0,0.0,2015-12-28 12:08:25,2015-12-28 12:15:33,428.0
6,lof_P6_SWAT_Dec2015_Data_model,8,964,0,0.0,2015-12-28 13:10:10,2015-12-28 13:26:13,963.0
7,lof_P6_SWAT_Dec2015_Data_model,10,160,0,0.0,2015-12-28 14:16:20,2015-12-28 14:19:00,159.0
8,lof_P6_SWAT_Dec2015_Data_model,11,561,0,0.0,2015-12-28 14:19:00,2015-12-28 14:28:20,560.0
9,lof_P6_SWAT_Dec2015_Data_model,13,233,0,0.0,2015-12-29 11:11:25,2015-12-29 11:15:17,232.0
10,lof_P6_SWAT_Dec2015_Data_model,14,431,0,0.0,2015-12-29 11:35:40,2015-12-29 11:42:50,430.0
11,lof_P6_SWAT_Dec2015_Data_model,16,276,0,0.0,2015-12-29 11:57:25,2015-12-29 12:02:00,275.0
12,lof_P6_SWAT_Dec2015_Data_model,17,717,0,0.0,2015-12-29 14:38:12,2015-12-29 14:50:08,716.0
13,lof_P6_SWAT_Dec2015_Data_model,19,259,0,0.0,2015-12-29 18:10:43,2015-12-29 18:15:01,258.0
14,lof_P6_SWAT_Dec2015_Data_model,20,395,0,0.0,2015-12-29 18:15:43,2015-12-29 18:22:17,394.0
15,lof_P6_SWAT_Dec2015_Data_model,21,721,0,0.0,2015-12-29 18:30:00,2015-12-29 18:42:00,720.0
16,lof_P6_SWAT_Dec2015_Data_model,22,463,0,0.0,2015-12-29 22:55:18,2015-12-29 23:03:00,462.0
17,lof_P6_SWAT_Dec2015_Data_model,23,697,0,0.0,2015-12-30 01:42:34,2015-12-30 01:54:10,696.0
18,lof_P6_SWAT_Dec2015_Data_model,24,321,0,0.0,2015-12-30 09:51:08,2015-12-30 09:56:28,320.0
19,lof_P6_SWAT_Dec2015_Data_model,25,612,0,0.0,2015-12-30 10:01:50,2015-12-30 10:12:01,611.0
20,lof_P6_SWAT_Dec2015_Data_model,26,1445,0,0.0,2015-12-30 17:04:56,2015-12-30 17:29:00,1444.0
21,lof_P6_SWAT_Dec2015_Data_model,27,1691,0,0.0,2015-12-31 01:17:08,2015-12-31 01:45:18,1690.0
22,lof_P6_SWAT_Dec2015_Data_model,28,34209,0,0.0,2015-12-31 01:45:19,2015-12-31 11:15:27,34208.0
23,lof_P6_SWAT_Dec2015_Data_model,29,121,0,0.0,2015-12-31 15:32:00,2015-12-31 15:34:00,120.0
24,lof_P6_SWAT_Dec2015_Data_model,30,1171,0,0.0,2015-12-31 15:47:40,2015-12-31 16:07:10,1170.0
25,lof_P6_SWAT_Dec2015_Data_model,31,367,0,0.0,2015-12-31 22:05:34,2015-12-31 22:11:40,366.0
26,lof_P6_SWAT_Dec2015_Data_model,32,601,0,0.0,2016-01-01 10:36:00,2016-01-01 10:46:00,600.0
27,lof_P6_SWAT_Dec2015_Data_model,33,444,5,1.13,2016-01-01 14:21:12,2016-01-01 14:28:35,96.0
28,lof_P6_SWAT_Dec2015_Data_model,34,101,0,0.0,2016-01-01 17:12:40,2016-01-01 17:14:20,100.0
29,lof_P6_SWAT_Dec2015_Data_model,35,481,0,0.0,2016-01-01 17:18:56,2016-01-01 17:26:56,480.0
30,lof_P6_SWAT_Dec2015_Data_model,36,540,0,0.0,2016-01-01 22:16:01,2016-01-01 22:25:00,539.0
0,histogram_P1_SWAT_Dec2015_Data_model,1,940,22,2.34,2015-12-28 10:29:14,2015-12-28 10:44:53,76.0
1,histogram_P1_SWAT_Dec2015_Data_model,2,443,70,15.8,2015-12-28 10:51:08,2015-12-28 10:58:30,347.0
2,histogram_P1_SWAT_Dec2015_Data_model,3,383,199,51.96,2015-12-28 11:22:00,2015-12-28 11:28:22,8.0
3,histogram_P1_SWAT_Dec2015_Data_model,4,390,294,75.38,2015-12-28 11:47:39,2015-12-28 11:54:08,0.0
4,histogram_P1_SWAT_Dec2015_Data_model,6,196,196,100.0,2015-12-28 12:00:55,2015-12-28 12:04:10,0.0
5,histogram_P1_SWAT_Dec2015_Data_model,7,429,0,0.0,2015-12-28 12:08:25,2015-12-28 12:15:33,428.0
6,histogram_P1_SWAT_Dec2015_Data_model,8,964,475,49.27,2015-12-28 13:10:10,2015-12-28 13:26:13,1.0
7,histogram_P1_SWAT_Dec2015_Data_model,10,160,122,76.25,2015-12-28 14:16:20,2015-12-28 14:19:00,0.0
8,histogram_P1_SWAT_Dec2015_Data_model,11,561,347,61.85,2015-12-28 14:19:00,2015-12-28 14:28:20,0.0
9,histogram_P1_SWAT_Dec2015_Data_model,13,233,174,74.68,2015-12-29 11:11:25,2015-12-29 11:15:17,0.0
10,histogram_P1_SWAT_Dec2015_Data_model,14,431,238,55.22,2015-12-29 11:35:40,2015-12-29 11:42:50,1.0
11,histogram_P1_SWAT_Dec2015_Data_model,16,276,25,9.06,2015-12-29 11:57:25,2015-12-29 12:02:00,0.0
12,histogram_P1_SWAT_Dec2015_Data_model,17,717,444,61.92,2015-12-29 14:38:12,2015-12-29 14:50:08,6.0
13,histogram_P1_SWAT_Dec2015_Data_model,19,259,200,77.22,2015-12-29 18:10:43,2015-12-29 18:15:01,0.0
14,histogram_P1_SWAT_Dec2015_Data_model,20,395,306,77.47,2015-12-29 18:15:43,2015-12-29 18:22:17,0.0
15,histogram_P1_SWAT_Dec2015_Data_model,21,721,13,1.8,2015-12-29 18:30:00,2015-12-29 18:42:00,701.0
16,histogram_P1_SWAT_Dec2015_Data_model,22,463,0,0.0,2015-12-29 22:55:18,2015-12-29 23:03:00,462.0
17,histogram_P1_SWAT_Dec2015_Data_model,23,697,205,29.41,2015-12-30 01:42:34,2015-12-30 01:54:10,0.0
18,histogram_P1_SWAT_Dec2015_Data_model,24,321,122,38.01,2015-12-30 09:51:08,2015-12-30 09:56:28,0.0
19,histogram_P1_SWAT_Dec2015_Data_model,25,612,594,97.06,2015-12-30 10:01:50,2015-12-30 10:12:01,18.0
20,histogram_P1_SWAT_Dec2015_Data_model,26,1445,365,25.26,2015-12-30 17:04:56,2015-12-30 17:29:00,303.0
21,histogram_P1_SWAT_Dec2015_Data_model,27,1691,1260,74.51,2015-12-31 01:17:08,2015-12-31 01:45:18,2.0
22,histogram_P1_SWAT_Dec2015_Data_model,28,34209,33688,98.48,2015-12-31 01:45:19,2015-12-31 11:15:27,7.0
23,histogram_P1_SWAT_Dec2015_Data_model,29,121,29,23.97,2015-12-31 15:32:00,2015-12-31 15:34:00,14.0
24,histogram_P1_SWAT_Dec2015_Data_model,30,1171,22,1.88,2015-12-31 15:47:40,2015-12-31 16:07:10,1125.0
25,histogram_P1_SWAT_Dec2015_Data_model,31,367,127,34.6,2015-12-31 22:05:34,2015-12-31 22:11:40,0.0
26,histogram_P1_SWAT_Dec2015_Data_model,32,601,137,22.8,2016-01-01 10:36:00,2016-01-01 10:46:00,0.0
27,histogram_P1_SWAT_Dec2015_Data_model,33,444,55,12.39,2016-01-01 14:21:12,2016-01-01 14:28:35,0.0
28,histogram_P1_SWAT_Dec2015_Data_model,34,101,34,33.66,2016-01-01 17:12:40,2016-01-01 17:14:20,0.0
29,histogram_P1_SWAT_Dec2015_Data_model,35,481,114,23.7,2016-01-01 17:18:56,2016-01-01 17:26:56,0.0
30,histogram_P1_SWAT_Dec2015_Data_model,36,540,131,24.26,2016-01-01 22:16:01,2016-01-01 22:25:00,1.0
0,histogram_P2_SWAT_Dec2015_Data_model,1,940,858,91.28,2015-12-28 10:29:14,2015-12-28 10:44:53,68.0
1,histogram_P2_SWAT_Dec2015_Data_model,2,443,12,2.71,2015-12-28 10:51:08,2015-12-28 10:58:30,431.0
2,histogram_P2_SWAT_Dec2015_Data_model,3,383,0,0.0,2015-12-28 11:22:00,2015-12-28 11:28:22,382.0
3,histogram_P2_SWAT_Dec2015_Data_model,4,390,390,100.0,2015-12-28 11:47:39,2015-12-28 11:54:08,0.0
4,histogram_P2_SWAT_Dec2015_Data_model,6,196,19,9.69,2015-12-28 12:00:55,2015-12-28 12:04:10,177.0
5,histogram_P2_SWAT_Dec2015_Data_model,7,429,9,2.1,2015-12-28 12:08:25,2015-12-28 12:15:33,410.0
6,histogram_P2_SWAT_Dec2015_Data_model,8,964,515,53.42,2015-12-28 13:10:10,2015-12-28 13:26:13,0.0
7,histogram_P2_SWAT_Dec2015_Data_model,10,160,160,100.0,2015-12-28 14:16:20,2015-12-28 14:19:00,0.0
8,histogram_P2_SWAT_Dec2015_Data_model,11,561,536,95.54,2015-12-28 14:19:00,2015-12-28 14:28:20,0.0
9,histogram_P2_SWAT_Dec2015_Data_model,13,233,233,100.0,2015-12-29 11:11:25,2015-12-29 11:15:17,0.0
10,histogram_P2_SWAT_Dec2015_Data_model,14,431,140,32.48,2015-12-29 11:35:40,2015-12-29 11:42:50,267.0
11,histogram_P2_SWAT_Dec2015_Data_model,16,276,30,10.87,2015-12-29 11:57:25,2015-12-29 12:02:00,0.0
12,histogram_P2_SWAT_Dec2015_Data_model,17,717,172,23.99,2015-12-29 14:38:12,2015-12-29 14:50:08,250.0
13,histogram_P2_SWAT_Dec2015_Data_model,19,259,259,100.0,2015-12-29 18:10:43,2015-12-29 18:15:01,0.0
14,histogram_P2_SWAT_Dec2015_Data_model,20,395,395,100.0,2015-12-29 18:15:43,2015-12-29 18:22:17,0.0
15,histogram_P2_SWAT_Dec2015_Data_model,21,721,719,99.72,2015-12-29 18:30:00,2015-12-29 18:42:00,0.0
16,histogram_P2_SWAT_Dec2015_Data_model,22,463,0,0.0,2015-12-29 22:55:18,2015-12-29 23:03:00,462.0
17,histogram_P2_SWAT_Dec2015_Data_model,23,697,557,79.91,2015-12-30 01:42:34,2015-12-30 01:54:10,129.0
18,histogram_P2_SWAT_Dec2015_Data_model,24,321,222,69.16,2015-12-30 09:51:08,2015-12-30 09:56:28,99.0
19,histogram_P2_SWAT_Dec2015_Data_model,25,612,612,100.0,2015-12-30 10:01:50,2015-12-30 10:12:01,0.0
20,histogram_P2_SWAT_Dec2015_Data_model,26,1445,10,0.69,2015-12-30 17:04:56,2015-12-30 17:29:00,1422.0
21,histogram_P2_SWAT_Dec2015_Data_model,27,1691,0,0.0,2015-12-31 01:17:08,2015-12-31 01:45:18,1690.0
22,histogram_P2_SWAT_Dec2015_Data_model,28,34209,34014,99.43,2015-12-31 01:45:19,2015-12-31 11:15:27,195.0
23,histogram_P2_SWAT_Dec2015_Data_model,29,121,121,100.0,2015-12-31 15:32:00,2015-12-31 15:34:00,0.0
24,histogram_P2_SWAT_Dec2015_Data_model,30,1171,6,0.51,2015-12-31 15:47:40,2015-12-31 16:07:10,1131.0
25,histogram_P2_SWAT_Dec2015_Data_model,31,367,367,100.0,2015-12-31 22:05:34,2015-12-31 22:11:40,0.0
26,histogram_P2_SWAT_Dec2015_Data_model,32,601,560,93.18,2016-01-01 10:36:00,2016-01-01 10:46:00,41.0
27,histogram_P2_SWAT_Dec2015_Data_model,33,444,0,0.0,2016-01-01 14:21:12,2016-01-01 14:28:35,443.0
28,histogram_P2_SWAT_Dec2015_Data_model,34,101,0,0.0,2016-01-01 17:12:40,2016-01-01 17:14:20,100.0
29,histogram_P2_SWAT_Dec2015_Data_model,35,481,427,88.77,2016-01-01 17:18:56,2016-01-01 17:26:56,43.0
30,histogram_P2_SWAT_Dec2015_Data_model,36,540,540,100.0,2016-01-01 22:16:01,2016-01-01 22:25:00,0.0
0,histogram_P3_SWAT_Dec2015_Data_model,1,940,0,0.0,2015-12-28 10:29:14,2015-12-28 10:44:53,939.0
1,histogram_P3_SWAT_Dec2015_Data_model,2,443,159,35.89,2015-12-28 10:51:08,2015-12-28 10:58:30,64.0
2,histogram_P3_SWAT_Dec2015_Data_model,3,383,310,80.94,2015-12-28 11:22:00,2015-12-28 11:28:22,69.0
3,histogram_P3_SWAT_Dec2015_Data_model,4,390,0,0.0,2015-12-28 11:47:39,2015-12-28 11:54:08,389.0
4,histogram_P3_SWAT_Dec2015_Data_model,6,196,0,0.0,2015-12-28 12:00:55,2015-12-28 12:04:10,195.0
5,histogram_P3_SWAT_Dec2015_Data_model,7,429,0,0.0,2015-12-28 12:08:25,2015-12-28 12:15:33,428.0
6,histogram_P3_SWAT_Dec2015_Data_model,8,964,927,96.16,2015-12-28 13:10:10,2015-12-28 13:26:13,0.0
7,histogram_P3_SWAT_Dec2015_Data_model,10,160,0,0.0,2015-12-28 14:16:20,2015-12-28 14:19:00,159.0
8,histogram_P3_SWAT_Dec2015_Data_model,11,561,67,11.94,2015-12-28 14:19:00,2015-12-28 14:28:20,494.0
9,histogram_P3_SWAT_Dec2015_Data_model,13,233,0,0.0,2015-12-29 11:11:25,2015-12-29 11:15:17,232.0
10,histogram_P3_SWAT_Dec2015_Data_model,14,431,9,2.09,2015-12-29 11:35:40,2015-12-29 11:42:50,239.0
11,histogram_P3_SWAT_Dec2015_Data_model,16,276,0,0.0,2015-12-29 11:57:25,2015-12-29 12:02:00,275.0
12,histogram_P3_SWAT_Dec2015_Data_model,17,717,466,64.99,2015-12-29 14:38:12,2015-12-29 14:50:08,250.0
13,histogram_P3_SWAT_Dec2015_Data_model,19,259,158,61.0,2015-12-29 18:10:43,2015-12-29 18:15:01,40.0
14,histogram_P3_SWAT_Dec2015_Data_model,20,395,0,0.0,2015-12-29 18:15:43,2015-12-29 18:22:17,394.0
15,histogram_P3_SWAT_Dec2015_Data_model,21,721,0,0.0,2015-12-29 18:30:00,2015-12-29 18:42:00,720.0
16,histogram_P3_SWAT_Dec2015_Data_model,22,463,0,0.0,2015-12-29 22:55:18,2015-12-29 23:03:00,462.0
17,histogram_P3_SWAT_Dec2015_Data_model,23,697,37,5.31,2015-12-30 01:42:34,2015-12-30 01:54:10,659.0
18,histogram_P3_SWAT_Dec2015_Data_model,24,321,10,3.12,2015-12-30 09:51:08,2015-12-30 09:56:28,71.0
19,histogram_P3_SWAT_Dec2015_Data_model,25,612,21,3.43,2015-12-30 10:01:50,2015-12-30 10:12:01,591.0
20,histogram_P3_SWAT_Dec2015_Data_model,26,1445,157,10.87,2015-12-30 17:04:56,2015-12-30 17:29:00,994.0
21,histogram_P3_SWAT_Dec2015_Data_model,27,1691,0,0.0,2015-12-31 01:17:08,2015-12-31 01:45:18,1690.0
22,histogram_P3_SWAT_Dec2015_Data_model,28,34209,33617,98.27,2015-12-31 01:45:19,2015-12-31 11:15:27,3.0
23,histogram_P3_SWAT_Dec2015_Data_model,29,121,0,0.0,2015-12-31 15:32:00,2015-12-31 15:34:00,120.0
24,histogram_P3_SWAT_Dec2015_Data_model,30,1171,0,0.0,2015-12-31 15:47:40,2015-12-31 16:07:10,1170.0
25,histogram_P3_SWAT_Dec2015_Data_model,31,367,54,14.71,2015-12-31 22:05:34,2015-12-31 22:11:40,2.0
26,histogram_P3_SWAT_Dec2015_Data_model,32,601,0,0.0,2016-01-01 10:36:00,2016-01-01 10:46:00,600.0
27,histogram_P3_SWAT_Dec2015_Data_model,33,444,158,35.59,2016-01-01 14:21:12,2016-01-01 14:28:35,54.0
28,histogram_P3_SWAT_Dec2015_Data_model,34,101,0,0.0,2016-01-01 17:12:40,2016-01-01 17:14:20,100.0
29,histogram_P3_SWAT_Dec2015_Data_model,35,481,110,22.87,2016-01-01 17:18:56,2016-01-01 17:26:56,0.0
30,histogram_P3_SWAT_Dec2015_Data_model,36,540,45,8.33,2016-01-01 22:16:01,2016-01-01 22:25:00,0.0
0,histogram_P5_SWAT_Dec2015_Data_model,1,940,0,0.0,2015-12-28 10:29:14,2015-12-28 10:44:53,939.0
1,histogram_P5_SWAT_Dec2015_Data_model,2,443,0,0.0,2015-12-28 10:51:08,2015-12-28 10:58:30,442.0
2,histogram_P5_SWAT_Dec2015_Data_model,3,383,0,0.0,2015-12-28 11:22:00,2015-12-28 11:28:22,382.0
3,histogram_P5_SWAT_Dec2015_Data_model,4,390,0,0.0,2015-12-28 11:47:39,2015-12-28 11:54:08,389.0
4,histogram_P5_SWAT_Dec2015_Data_model,6,196,0,0.0,2015-12-28 12:00:55,2015-12-28 12:04:10,195.0
5,histogram_P5_SWAT_Dec2015_Data_model,7,429,0,0.0,2015-12-28 12:08:25,2015-12-28 12:15:33,428.0
6,histogram_P5_SWAT_Dec2015_Data_model,8,964,0,0.0,2015-12-28 13:10:10,2015-12-28 13:26:13,963.0
7,histogram_P5_SWAT_Dec2015_Data_model,10,160,15,9.38,2015-12-28 14:16:20,2015-12-28 14:19:00,145.0
8,histogram_P5_SWAT_Dec2015_Data_model,11,561,553,98.57,2015-12-28 14:19:00,2015-12-28 14:28:20,0.0
9,histogram_P5_SWAT_Dec2015_Data_model,13,233,0,0.0,2015-12-29 11:11:25,2015-12-29 11:15:17,232.0
10,histogram_P5_SWAT_Dec2015_Data_model,14,431,0,0.0,2015-12-29 11:35:40,2015-12-29 11:42:50,430.0
11,histogram_P5_SWAT_Dec2015_Data_model,16,276,0,0.0,2015-12-29 11:57:25,2015-12-29 12:02:00,275.0
12,histogram_P5_SWAT_Dec2015_Data_model,17,717,0,0.0,2015-12-29 14:38:12,2015-12-29 14:50:08,716.0
13,histogram_P5_SWAT_Dec2015_Data_model,19,259,0,0.0,2015-12-29 18:10:43,2015-12-29 18:15:01,258.0
14,histogram_P5_SWAT_Dec2015_Data_model,20,395,0,0.0,2015-12-29 18:15:43,2015-12-29 18:22:17,394.0
15,histogram_P5_SWAT_Dec2015_Data_model,21,721,0,0.0,2015-12-29 18:30:00,2015-12-29 18:42:00,720.0
16,histogram_P5_SWAT_Dec2015_Data_model,22,463,456,98.49,2015-12-29 22:55:18,2015-12-29 23:03:00,0.0
17,histogram_P5_SWAT_Dec2015_Data_model,23,697,0,0.0,2015-12-30 01:42:34,2015-12-30 01:54:10,696.0
18,histogram_P5_SWAT_Dec2015_Data_model,24,321,0,0.0,2015-12-30 09:51:08,2015-12-30 09:56:28,320.0
19,histogram_P5_SWAT_Dec2015_Data_model,25,612,0,0.0,2015-12-30 10:01:50,2015-12-30 10:12:01,611.0
20,histogram_P5_SWAT_Dec2015_Data_model,26,1445,0,0.0,2015-12-30 17:04:56,2015-12-30 17:29:00,1444.0
21,histogram_P5_SWAT_Dec2015_Data_model,27,1691,0,0.0,2015-12-31 01:17:08,2015-12-31 01:45:18,1690.0
22,histogram_P5_SWAT_Dec2015_Data_model,28,34209,31971,93.46,2015-12-31 01:45:19,2015-12-31 11:15:27,2238.0
23,histogram_P5_SWAT_Dec2015_Data_model,29,121,0,0.0,2015-12-31 15:32:00,2015-12-31 15:34:00,120.0
24,histogram_P5_SWAT_Dec2015_Data_model,30,1171,0,0.0,2015-12-31 15:47:40,2015-12-31 16:07:10,1170.0
25,histogram_P5_SWAT_Dec2015_Data_model,31,367,0,0.0,2015-12-31 22:05:34,2015-12-31 22:11:40,366.0
26,histogram_P5_SWAT_Dec2015_Data_model,32,601,0,0.0,2016-01-01 10:36:00,2016-01-01 10:46:00,600.0
27,histogram_P5_SWAT_Dec2015_Data_model,33,444,0,0.0,2016-01-01 14:21:12,2016-01-01 14:28:35,443.0
28,histogram_P5_SWAT_Dec2015_Data_model,34,101,0,0.0,2016-01-01 17:12:40,2016-01-01 17:14:20,100.0
29,histogram_P5_SWAT_Dec2015_Data_model,35,481,0,0.0,2016-01-01 17:18:56,2016-01-01 17:26:56,480.0
30,histogram_P5_SWAT_Dec2015_Data_model,36,540,0,0.0,2016-01-01 22:16:01,2016-01-01 22:25:00,539.0
0,histogram_P6_SWAT_Dec2015_Data_model,1,940,0,0.0,2015-12-28 10:29:14,2015-12-28 10:44:53,939.0
1,histogram_P6_SWAT_Dec2015_Data_model,2,443,43,9.71,2015-12-28 10:51:08,2015-12-28 10:58:30,82.0
2,histogram_P6_SWAT_Dec2015_Data_model,3,383,0,0.0,2015-12-28 11:22:00,2015-12-28 11:28:22,382.0
3,histogram_P6_SWAT_Dec2015_Data_model,4,390,0,0.0,2015-12-28 11:47:39,2015-12-28 11:54:08,389.0
4,histogram_P6_SWAT_Dec2015_Data_model,6,196,0,0.0,2015-12-28 12:00:55,2015-12-28 12:04:10,195.0
5,histogram_P6_SWAT_Dec2015_Data_model,7,429,0,0.0,2015-12-28 12:08:25,2015-12-28 12:15:33,428.0
6,histogram_P6_SWAT_Dec2015_Data_model,8,964,240,24.9,2015-12-28 13:10:10,2015-12-28 13:26:13,0.0
7,histogram_P6_SWAT_Dec2015_Data_model,10,160,0,0.0,2015-12-28 14:16:20,2015-12-28 14:19:00,159.0
8,histogram_P6_SWAT_Dec2015_Data_model,11,561,45,8.02,2015-12-28 14:19:00,2015-12-28 14:28:20,510.0
9,histogram_P6_SWAT_Dec2015_Data_model,13,233,0,0.0,2015-12-29 11:11:25,2015-12-29 11:15:17,232.0
10,histogram_P6_SWAT_Dec2015_Data_model,14,431,0,0.0,2015-12-29 11:35:40,2015-12-29 11:42:50,430.0
11,histogram_P6_SWAT_Dec2015_Data_model,16,276,0,0.0,2015-12-29 11:57:25,2015-12-29 12:02:00,275.0
12,histogram_P6_SWAT_Dec2015_Data_model,17,717,12,1.67,2015-12-29 14:38:12,2015-12-29 14:50:08,705.0
13,histogram_P6_SWAT_Dec2015_Data_model,19,259,43,16.6,2015-12-29 18:10:43,2015-12-29 18:15:01,57.0
14,histogram_P6_SWAT_Dec2015_Data_model,20,395,0,0.0,2015-12-29 18:15:43,2015-12-29 18:22:17,394.0
15,histogram_P6_SWAT_Dec2015_Data_model,21,721,0,0.0,2015-12-29 18:30:00,2015-12-29 18:42:00,720.0
16,histogram_P6_SWAT_Dec2015_Data_model,22,463,0,0.0,2015-12-29 22:55:18,2015-12-29 23:03:00,462.0
17,histogram_P6_SWAT_Dec2015_Data_model,23,697,22,3.16,2015-12-30 01:42:34,2015-12-30 01:54:10,675.0
18,histogram_P6_SWAT_Dec2015_Data_model,24,321,0,0.0,2015-12-30 09:51:08,2015-12-30 09:56:28,320.0
19,histogram_P6_SWAT_Dec2015_Data_model,25,612,0,0.0,2015-12-30 10:01:50,2015-12-30 10:12:01,611.0
20,histogram_P6_SWAT_Dec2015_Data_model,26,1445,43,2.98,2015-12-30 17:04:56,2015-12-30 17:29:00,1012.0
21,histogram_P6_SWAT_Dec2015_Data_model,27,1691,0,0.0,2015-12-31 01:17:08,2015-12-31 01:45:18,1690.0
22,histogram_P6_SWAT_Dec2015_Data_model,28,34209,0,0.0,2015-12-31 01:45:19,2015-12-31 11:15:27,34208.0
23,histogram_P6_SWAT_Dec2015_Data_model,29,121,0,0.0,2015-12-31 15:32:00,2015-12-31 15:34:00,120.0
24,histogram_P6_SWAT_Dec2015_Data_model,30,1171,0,0.0,2015-12-31 15:47:40,2015-12-31 16:07:10,1170.0
25,histogram_P6_SWAT_Dec2015_Data_model,31,367,0,0.0,2015-12-31 22:05:34,2015-12-31 22:11:40,366.0
26,histogram_P6_SWAT_Dec2015_Data_model,32,601,0,0.0,2016-01-01 10:36:00,2016-01-01 10:46:00,600.0
27,histogram_P6_SWAT_Dec2015_Data_model,33,444,43,9.68,2016-01-01 14:21:12,2016-01-01 14:28:35,70.0
28,histogram_P6_SWAT_Dec2015_Data_model,34,101,0,0.0,2016-01-01 17:12:40,2016-01-01 17:14:20,100.0
29,histogram_P6_SWAT_Dec2015_Data_model,35,481,11,2.29,2016-01-01 17:18:56,2016-01-01 17:26:56,0.0
30,histogram_P6_SWAT_Dec2015_Data_model,36,540,0,0.0,2016-01-01 22:16:01,2016-01-01 22:25:00,539.0
0,knn_P1_SWAT_Dec2015_Data_model,1,940,940,100.0,2015-12-28 10:29:14,2015-12-28 10:44:53,0.0
1,knn_P1_SWAT_Dec2015_Data_model,2,443,0,0.0,2015-12-28 10:51:08,2015-12-28 10:58:30,442.0
2,knn_P1_SWAT_Dec2015_Data_model,3,383,124,32.38,2015-12-28 11:22:00,2015-12-28 11:28:22,259.0
3,knn_P1_SWAT_Dec2015_Data_model,4,390,0,0.0,2015-12-28 11:47:39,2015-12-28 11:54:08,389.0
4,knn_P1_SWAT_Dec2015_Data_model,6,196,0,0.0,2015-12-28 12:00:55,2015-12-28 12:04:10,195.0
5,knn_P1_SWAT_Dec2015_Data_model,7,429,12,2.8,2015-12-28 12:08:25,2015-12-28 12:15:33,417.0
6,knn_P1_SWAT_Dec2015_Data_model,8,964,0,0.0,2015-12-28 13:10:10,2015-12-28 13:26:13,963.0
7,knn_P1_SWAT_Dec2015_Data_model,10,160,0,0.0,2015-12-28 14:16:20,2015-12-28 14:19:00,159.0
8,knn_P1_SWAT_Dec2015_Data_model,11,561,0,0.0,2015-12-28 14:19:00,2015-12-28 14:28:20,560.0
9,knn_P1_SWAT_Dec2015_Data_model,13,233,0,0.0,2015-12-29 11:11:25,2015-12-29 11:15:17,232.0
10,knn_P1_SWAT_Dec2015_Data_model,14,431,0,0.0,2015-12-29 11:35:40,2015-12-29 11:42:50,430.0
11,knn_P1_SWAT_Dec2015_Data_model,16,276,0,0.0,2015-12-29 11:57:25,2015-12-29 12:02:00,275.0
12,knn_P1_SWAT_Dec2015_Data_model,17,717,0,0.0,2015-12-29 14:38:12,2015-12-29 14:50:08,716.0
13,knn_P1_SWAT_Dec2015_Data_model,19,259,0,0.0,2015-12-29 18:10:43,2015-12-29 18:15:01,258.0
14,knn_P1_SWAT_Dec2015_Data_model,20,395,0,0.0,2015-12-29 18:15:43,2015-12-29 18:22:17,394.0
15,knn_P1_SWAT_Dec2015_Data_model,21,721,701,97.23,2015-12-29 18:30:00,2015-12-29 18:42:00,0.0
16,knn_P1_SWAT_Dec2015_Data_model,22,463,0,0.0,2015-12-29 22:55:18,2015-12-29 23:03:00,462.0
17,knn_P1_SWAT_Dec2015_Data_model,23,697,0,0.0,2015-12-30 01:42:34,2015-12-30 01:54:10,696.0
18,knn_P1_SWAT_Dec2015_Data_model,24,321,0,0.0,2015-12-30 09:51:08,2015-12-30 09:56:28,320.0
19,knn_P1_SWAT_Dec2015_Data_model,25,612,0,0.0,2015-12-30 10:01:50,2015-12-30 10:12:01,611.0
20,knn_P1_SWAT_Dec2015_Data_model,26,1445,727,50.31,2015-12-30 17:04:56,2015-12-30 17:29:00,693.0
21,knn_P1_SWAT_Dec2015_Data_model,27,1691,0,0.0,2015-12-31 01:17:08,2015-12-31 01:45:18,1690.0
22,knn_P1_SWAT_Dec2015_Data_model,28,34209,0,0.0,2015-12-31 01:45:19,2015-12-31 11:15:27,34208.0
23,knn_P1_SWAT_Dec2015_Data_model,29,121,0,0.0,2015-12-31 15:32:00,2015-12-31 15:34:00,120.0
24,knn_P1_SWAT_Dec2015_Data_model,30,1171,16,1.37,2015-12-31 15:47:40,2015-12-31 16:07:10,1125.0
25,knn_P1_SWAT_Dec2015_Data_model,31,367,0,0.0,2015-12-31 22:05:34,2015-12-31 22:11:40,366.0
26,knn_P1_SWAT_Dec2015_Data_model,32,601,0,0.0,2016-01-01 10:36:00,2016-01-01 10:46:00,600.0
27,knn_P1_SWAT_Dec2015_Data_model,33,444,9,2.03,2016-01-01 14:21:12,2016-01-01 14:28:35,59.0
28,knn_P1_SWAT_Dec2015_Data_model,34,101,0,0.0,2016-01-01 17:12:40,2016-01-01 17:14:20,100.0
29,knn_P1_SWAT_Dec2015_Data_model,35,481,0,0.0,2016-01-01 17:18:56,2016-01-01 17:26:56,480.0
30,knn_P1_SWAT_Dec2015_Data_model,36,540,0,0.0,2016-01-01 22:16:01,2016-01-01 22:25:00,539.0
0,knn_P2_SWAT_Dec2015_Data_model,1,940,940,100.0,2015-12-28 10:29:14,2015-12-28 10:44:53,0.0
1,knn_P2_SWAT_Dec2015_Data_model,2,443,443,100.0,2015-12-28 10:51:08,2015-12-28 10:58:30,0.0
2,knn_P2_SWAT_Dec2015_Data_model,3,383,383,100.0,2015-12-28 11:22:00,2015-12-28 11:28:22,0.0
3,knn_P2_SWAT_Dec2015_Data_model,4,390,390,100.0,2015-12-28 11:47:39,2015-12-28 11:54:08,0.0
4,knn_P2_SWAT_Dec2015_Data_model,6,196,196,100.0,2015-12-28 12:00:55,2015-12-28 12:04:10,0.0
5,knn_P2_SWAT_Dec2015_Data_model,7,429,429,100.0,2015-12-28 12:08:25,2015-12-28 12:15:33,0.0
6,knn_P2_SWAT_Dec2015_Data_model,8,964,964,100.0,2015-12-28 13:10:10,2015-12-28 13:26:13,0.0
7,knn_P2_SWAT_Dec2015_Data_model,10,160,160,100.0,2015-12-28 14:16:20,2015-12-28 14:19:00,0.0
8,knn_P2_SWAT_Dec2015_Data_model,11,561,561,100.0,2015-12-28 14:19:00,2015-12-28 14:28:20,0.0
9,knn_P2_SWAT_Dec2015_Data_model,13,233,233,100.0,2015-12-29 11:11:25,2015-12-29 11:15:17,0.0
10,knn_P2_SWAT_Dec2015_Data_model,14,431,431,100.0,2015-12-29 11:35:40,2015-12-29 11:42:50,0.0
11,knn_P2_SWAT_Dec2015_Data_model,16,276,276,100.0,2015-12-29 11:57:25,2015-12-29 12:02:00,0.0
12,knn_P2_SWAT_Dec2015_Data_model,17,717,717,100.0,2015-12-29 14:38:12,2015-12-29 14:50:08,0.0
13,knn_P2_SWAT_Dec2015_Data_model,19,259,259,100.0,2015-12-29 18:10:43,2015-12-29 18:15:01,0.0
14,knn_P2_SWAT_Dec2015_Data_model,20,395,395,100.0,2015-12-29 18:15:43,2015-12-29 18:22:17,0.0
15,knn_P2_SWAT_Dec2015_Data_model,21,721,721,100.0,2015-12-29 18:30:00,2015-12-29 18:42:00,0.0
16,knn_P2_SWAT_Dec2015_Data_model,22,463,0,0.0,2015-12-29 22:55:18,2015-12-29 23:03:00,462.0
17,knn_P2_SWAT_Dec2015_Data_model,23,697,0,0.0,2015-12-30 01:42:34,2015-12-30 01:54:10,696.0
18,knn_P2_SWAT_Dec2015_Data_model,24,321,0,0.0,2015-12-30 09:51:08,2015-12-30 09:56:28,320.0
19,knn_P2_SWAT_Dec2015_Data_model,25,612,0,0.0,2015-12-30 10:01:50,2015-12-30 10:12:01,611.0
20,knn_P2_SWAT_Dec2015_Data_model,26,1445,0,0.0,2015-12-30 17:04:56,2015-12-30 17:29:00,1444.0
21,knn_P2_SWAT_Dec2015_Data_model,27,1691,0,0.0,2015-12-31 01:17:08,2015-12-31 01:45:18,1690.0
22,knn_P2_SWAT_Dec2015_Data_model,28,34209,0,0.0,2015-12-31 01:45:19,2015-12-31 11:15:27,34208.0
23,knn_P2_SWAT_Dec2015_Data_model,29,121,0,0.0,2015-12-31 15:32:00,2015-12-31 15:34:00,120.0
24,knn_P2_SWAT_Dec2015_Data_model,30,1171,0,0.0,2015-12-31 15:47:40,2015-12-31 16:07:10,1170.0
25,knn_P2_SWAT_Dec2015_Data_model,31,367,0,0.0,2015-12-31 22:05:34,2015-12-31 22:11:40,366.0
26,knn_P2_SWAT_Dec2015_Data_model,32,601,0,0.0,2016-01-01 10:36:00,2016-01-01 10:46:00,600.0
27,knn_P2_SWAT_Dec2015_Data_model,33,444,0,0.0,2016-01-01 14:21:12,2016-01-01 14:28:35,443.0
28,knn_P2_SWAT_Dec2015_Data_model,34,101,0,0.0,2016-01-01 17:12:40,2016-01-01 17:14:20,100.0
29,knn_P2_SWAT_Dec2015_Data_model,35,481,0,0.0,2016-01-01 17:18:56,2016-01-01 17:26:56,480.0
30,knn_P2_SWAT_Dec2015_Data_model,36,540,151,27.96,2016-01-01 22:16:01,2016-01-01 22:25:00,0.0
0,knn_P3_SWAT_Dec2015_Data_model,1,940,0,0.0,2015-12-28 10:29:14,2015-12-28 10:44:53,939.0
1,knn_P3_SWAT_Dec2015_Data_model,2,443,0,0.0,2015-12-28 10:51:08,2015-12-28 10:58:30,442.0
2,knn_P3_SWAT_Dec2015_Data_model,3,383,0,0.0,2015-12-28 11:22:00,2015-12-28 11:28:22,382.0
3,knn_P3_SWAT_Dec2015_Data_model,4,390,0,0.0,2015-12-28 11:47:39,2015-12-28 11:54:08,389.0
4,knn_P3_SWAT_Dec2015_Data_model,6,196,0,0.0,2015-12-28 12:00:55,2015-12-28 12:04:10,195.0
5,knn_P3_SWAT_Dec2015_Data_model,7,429,408,95.1,2015-12-28 12:08:25,2015-12-28 12:15:33,0.0
6,knn_P3_SWAT_Dec2015_Data_model,8,964,945,98.03,2015-12-28 13:10:10,2015-12-28 13:26:13,0.0
7,knn_P3_SWAT_Dec2015_Data_model,10,160,0,0.0,2015-12-28 14:16:20,2015-12-28 14:19:00,159.0
8,knn_P3_SWAT_Dec2015_Data_model,11,561,0,0.0,2015-12-28 14:19:00,2015-12-28 14:28:20,560.0
9,knn_P3_SWAT_Dec2015_Data_model,13,233,0,0.0,2015-12-29 11:11:25,2015-12-29 11:15:17,232.0
10,knn_P3_SWAT_Dec2015_Data_model,14,431,0,0.0,2015-12-29 11:35:40,2015-12-29 11:42:50,430.0
11,knn_P3_SWAT_Dec2015_Data_model,16,276,0,0.0,2015-12-29 11:57:25,2015-12-29 12:02:00,275.0
12,knn_P3_SWAT_Dec2015_Data_model,17,717,437,60.95,2015-12-29 14:38:12,2015-12-29 14:50:08,259.0
13,knn_P3_SWAT_Dec2015_Data_model,19,259,0,0.0,2015-12-29 18:10:43,2015-12-29 18:15:01,258.0
14,knn_P3_SWAT_Dec2015_Data_model,20,395,0,0.0,2015-12-29 18:15:43,2015-12-29 18:22:17,394.0
15,knn_P3_SWAT_Dec2015_Data_model,21,721,0,0.0,2015-12-29 18:30:00,2015-12-29 18:42:00,720.0
16,knn_P3_SWAT_Dec2015_Data_model,22,463,0,0.0,2015-12-29 22:55:18,2015-12-29 23:03:00,462.0
17,knn_P3_SWAT_Dec2015_Data_model,23,697,667,95.7,2015-12-30 01:42:34,2015-12-30 01:54:10,0.0
18,knn_P3_SWAT_Dec2015_Data_model,24,321,0,0.0,2015-12-30 09:51:08,2015-12-30 09:56:28,320.0
19,knn_P3_SWAT_Dec2015_Data_model,25,612,0,0.0,2015-12-30 10:01:50,2015-12-30 10:12:01,611.0
20,knn_P3_SWAT_Dec2015_Data_model,26,1445,63,4.36,2015-12-30 17:04:56,2015-12-30 17:29:00,1002.0
21,knn_P3_SWAT_Dec2015_Data_model,27,1691,0,0.0,2015-12-31 01:17:08,2015-12-31 01:45:18,1690.0
22,knn_P3_SWAT_Dec2015_Data_model,28,34209,10,0.03,2015-12-31 01:45:19,2015-12-31 11:15:27,0.0
23,knn_P3_SWAT_Dec2015_Data_model,29,121,0,0.0,2015-12-31 15:32:00,2015-12-31 15:34:00,120.0
24,knn_P3_SWAT_Dec2015_Data_model,30,1171,0,0.0,2015-12-31 15:47:40,2015-12-31 16:07:10,1170.0
25,knn_P3_SWAT_Dec2015_Data_model,31,367,0,0.0,2015-12-31 22:05:34,2015-12-31 22:11:40,366.0
26,knn_P3_SWAT_Dec2015_Data_model,32,601,562,93.51,2016-01-01 10:36:00,2016-01-01 10:46:00,39.0
27,knn_P3_SWAT_Dec2015_Data_model,33,444,0,0.0,2016-01-01 14:21:12,2016-01-01 14:28:35,443.0
28,knn_P3_SWAT_Dec2015_Data_model,34,101,0,0.0,2016-01-01 17:12:40,2016-01-01 17:14:20,100.0
29,knn_P3_SWAT_Dec2015_Data_model,35,481,0,0.0,2016-01-01 17:18:56,2016-01-01 17:26:56,480.0
30,knn_P3_SWAT_Dec2015_Data_model,36,540,0,0.0,2016-01-01 22:16:01,2016-01-01 22:25:00,539.0
0,knn_P5_SWAT_Dec2015_Data_model,1,940,0,0.0,2015-12-28 10:29:14,2015-12-28 10:44:53,939.0
1,knn_P5_SWAT_Dec2015_Data_model,2,443,0,0.0,2015-12-28 10:51:08,2015-12-28 10:58:30,442.0
2,knn_P5_SWAT_Dec2015_Data_model,3,383,0,0.0,2015-12-28 11:22:00,2015-12-28 11:28:22,382.0
3,knn_P5_SWAT_Dec2015_Data_model,4,390,0,0.0,2015-12-28 11:47:39,2015-12-28 11:54:08,389.0
4,knn_P5_SWAT_Dec2015_Data_model,6,196,0,0.0,2015-12-28 12:00:55,2015-12-28 12:04:10,195.0
5,knn_P5_SWAT_Dec2015_Data_model,7,429,0,0.0,2015-12-28 12:08:25,2015-12-28 12:15:33,428.0
6,knn_P5_SWAT_Dec2015_Data_model,8,964,0,0.0,2015-12-28 13:10:10,2015-12-28 13:26:13,963.0
7,knn_P5_SWAT_Dec2015_Data_model,10,160,12,7.5,2015-12-28 14:16:20,2015-12-28 14:19:00,148.0
8,knn_P5_SWAT_Dec2015_Data_model,11,561,561,100.0,2015-12-28 14:19:00,2015-12-28 14:28:20,0.0
9,knn_P5_SWAT_Dec2015_Data_model,13,233,0,0.0,2015-12-29 11:11:25,2015-12-29 11:15:17,232.0
10,knn_P5_SWAT_Dec2015_Data_model,14,431,0,0.0,2015-12-29 11:35:40,2015-12-29 11:42:50,430.0
11,knn_P5_SWAT_Dec2015_Data_model,16,276,0,0.0,2015-12-29 11:57:25,2015-12-29 12:02:00,275.0
12,knn_P5_SWAT_Dec2015_Data_model,17,717,0,0.0,2015-12-29 14:38:12,2015-12-29 14:50:08,716.0
13,knn_P5_SWAT_Dec2015_Data_model,19,259,0,0.0,2015-12-29 18:10:43,2015-12-29 18:15:01,258.0
14,knn_P5_SWAT_Dec2015_Data_model,20,395,372,94.18,2015-12-29 18:15:43,2015-12-29 18:22:17,0.0
15,knn_P5_SWAT_Dec2015_Data_model,21,721,0,0.0,2015-12-29 18:30:00,2015-12-29 18:42:00,720.0
16,knn_P5_SWAT_Dec2015_Data_model,22,463,463,100.0,2015-12-29 22:55:18,2015-12-29 23:03:00,0.0
17,knn_P5_SWAT_Dec2015_Data_model,23,697,0,0.0,2015-12-30 01:42:34,2015-12-30 01:54:10,696.0
18,knn_P5_SWAT_Dec2015_Data_model,24,321,0,0.0,2015-12-30 09:51:08,2015-12-30 09:56:28,320.0
19,knn_P5_SWAT_Dec2015_Data_model,25,612,0,0.0,2015-12-30 10:01:50,2015-12-30 10:12:01,611.0
20,knn_P5_SWAT_Dec2015_Data_model,26,1445,0,0.0,2015-12-30 17:04:56,2015-12-30 17:29:00,1444.0
21,knn_P5_SWAT_Dec2015_Data_model,27,1691,0,0.0,2015-12-31 01:17:08,2015-12-31 01:45:18,1690.0
22,knn_P5_SWAT_Dec2015_Data_model,28,34209,31969,93.45,2015-12-31 01:45:19,2015-12-31 11:15:27,2240.0
23,knn_P5_SWAT_Dec2015_Data_model,29,121,0,0.0,2015-12-31 15:32:00,2015-12-31 15:34:00,120.0
24,knn_P5_SWAT_Dec2015_Data_model,30,1171,0,0.0,2015-12-31 15:47:40,2015-12-31 16:07:10,1170.0
25,knn_P5_SWAT_Dec2015_Data_model,31,367,0,0.0,2015-12-31 22:05:34,2015-12-31 22:11:40,366.0
26,knn_P5_SWAT_Dec2015_Data_model,32,601,0,0.0,2016-01-01 10:36:00,2016-01-01 10:46:00,600.0
27,knn_P5_SWAT_Dec2015_Data_model,33,444,0,0.0,2016-01-01 14:21:12,2016-01-01 14:28:35,443.0
28,knn_P5_SWAT_Dec2015_Data_model,34,101,0,0.0,2016-01-01 17:12:40,2016-01-01 17:14:20,100.0
29,knn_P5_SWAT_Dec2015_Data_model,35,481,0,0.0,2016-01-01 17:18:56,2016-01-01 17:26:56,480.0
30,knn_P5_SWAT_Dec2015_Data_model,36,540,0,0.0,2016-01-01 22:16:01,2016-01-01 22:25:00,539.0
0,knn_P6_SWAT_Dec2015_Data_model,1,940,0,0.0,2015-12-28 10:29:14,2015-12-28 10:44:53,939.0
1,knn_P6_SWAT_Dec2015_Data_model,2,443,23,5.19,2015-12-28 10:51:08,2015-12-28 10:58:30,84.0
2,knn_P6_SWAT_Dec2015_Data_model,3,383,0,0.0,2015-12-28 11:22:00,2015-12-28 11:28:22,382.0
3,knn_P6_SWAT_Dec2015_Data_model,4,390,0,0.0,2015-12-28 11:47:39,2015-12-28 11:54:08,389.0
4,knn_P6_SWAT_Dec2015_Data_model,6,196,0,0.0,2015-12-28 12:00:55,2015-12-28 12:04:10,195.0
5,knn_P6_SWAT_Dec2015_Data_model,7,429,0,0.0,2015-12-28 12:08:25,2015-12-28 12:15:33,428.0
6,knn_P6_SWAT_Dec2015_Data_model,8,964,156,16.18,2015-12-28 13:10:10,2015-12-28 13:26:13,0.0
7,knn_P6_SWAT_Dec2015_Data_model,10,160,0,0.0,2015-12-28 14:16:20,2015-12-28 14:19:00,159.0
8,knn_P6_SWAT_Dec2015_Data_model,11,561,22,3.92,2015-12-28 14:19:00,2015-12-28 14:28:20,510.0
9,knn_P6_SWAT_Dec2015_Data_model,13,233,0,0.0,2015-12-29 11:11:25,2015-12-29 11:15:17,232.0
10,knn_P6_SWAT_Dec2015_Data_model,14,431,0,0.0,2015-12-29 11:35:40,2015-12-29 11:42:50,430.0
11,knn_P6_SWAT_Dec2015_Data_model,16,276,0,0.0,2015-12-29 11:57:25,2015-12-29 12:02:00,275.0
12,knn_P6_SWAT_Dec2015_Data_model,17,717,8,1.12,2015-12-29 14:38:12,2015-12-29 14:50:08,708.0
13,knn_P6_SWAT_Dec2015_Data_model,19,259,21,8.11,2015-12-29 18:10:43,2015-12-29 18:15:01,59.0
14,knn_P6_SWAT_Dec2015_Data_model,20,395,0,0.0,2015-12-29 18:15:43,2015-12-29 18:22:17,394.0
15,knn_P6_SWAT_Dec2015_Data_model,21,721,0,0.0,2015-12-29 18:30:00,2015-12-29 18:42:00,720.0
16,knn_P6_SWAT_Dec2015_Data_model,22,463,0,0.0,2015-12-29 22:55:18,2015-12-29 23:03:00,462.0
17,knn_P6_SWAT_Dec2015_Data_model,23,697,12,1.72,2015-12-30 01:42:34,2015-12-30 01:54:10,675.0
18,knn_P6_SWAT_Dec2015_Data_model,24,321,0,0.0,2015-12-30 09:51:08,2015-12-30 09:56:28,320.0
19,knn_P6_SWAT_Dec2015_Data_model,25,612,0,0.0,2015-12-30 10:01:50,2015-12-30 10:12:01,611.0
20,knn_P6_SWAT_Dec2015_Data_model,26,1445,21,1.45,2015-12-30 17:04:56,2015-12-30 17:29:00,1014.0
21,knn_P6_SWAT_Dec2015_Data_model,27,1691,0,0.0,2015-12-31 01:17:08,2015-12-31 01:45:18,1690.0
22,knn_P6_SWAT_Dec2015_Data_model,28,34209,0,0.0,2015-12-31 01:45:19,2015-12-31 11:15:27,34208.0
23,knn_P6_SWAT_Dec2015_Data_model,29,121,0,0.0,2015-12-31 15:32:00,2015-12-31 15:34:00,120.0
24,knn_P6_SWAT_Dec2015_Data_model,30,1171,0,0.0,2015-12-31 15:47:40,2015-12-31 16:07:10,1170.0
25,knn_P6_SWAT_Dec2015_Data_model,31,367,0,0.0,2015-12-31 22:05:34,2015-12-31 22:11:40,366.0
26,knn_P6_SWAT_Dec2015_Data_model,32,601,0,0.0,2016-01-01 10:36:00,2016-01-01 10:46:00,600.0
27,knn_P6_SWAT_Dec2015_Data_model,33,444,23,5.18,2016-01-01 14:21:12,2016-01-01 14:28:35,73.0
28,knn_P6_SWAT_Dec2015_Data_model,34,101,0,0.0,2016-01-01 17:12:40,2016-01-01 17:14:20,100.0
29,knn_P6_SWAT_Dec2015_Data_model,35,481,13,2.7,2016-01-01 17:18:56,2016-01-01 17:26:56,1.0
30,knn_P6_SWAT_Dec2015_Data_model,36,540,0,0.0,2016-01-01 22:16:01,2016-01-01 22:25:00,539.0
0,svm_P1_SWAT_Dec2015_Data_model,1,940,940,100.0,2015-12-28 10:29:14,2015-12-28 10:44:53,0.0
1,svm_P1_SWAT_Dec2015_Data_model,2,443,95,21.44,2015-12-28 10:51:08,2015-12-28 10:58:30,260.0
2,svm_P1_SWAT_Dec2015_Data_model,3,383,173,45.17,2015-12-28 11:22:00,2015-12-28 11:28:22,172.0
3,svm_P1_SWAT_Dec2015_Data_model,4,390,0,0.0,2015-12-28 11:47:39,2015-12-28 11:54:08,389.0
4,svm_P1_SWAT_Dec2015_Data_model,6,196,0,0.0,2015-12-28 12:00:55,2015-12-28 12:04:10,195.0
5,svm_P1_SWAT_Dec2015_Data_model,7,429,0,0.0,2015-12-28 12:08:25,2015-12-28 12:15:33,428.0
6,svm_P1_SWAT_Dec2015_Data_model,8,964,0,0.0,2015-12-28 13:10:10,2015-12-28 13:26:13,963.0
7,svm_P1_SWAT_Dec2015_Data_model,10,160,19,11.88,2015-12-28 14:16:20,2015-12-28 14:19:00,8.0
8,svm_P1_SWAT_Dec2015_Data_model,11,561,125,22.28,2015-12-28 14:19:00,2015-12-28 14:28:20,6.0
9,svm_P1_SWAT_Dec2015_Data_model,13,233,0,0.0,2015-12-29 11:11:25,2015-12-29 11:15:17,232.0
10,svm_P1_SWAT_Dec2015_Data_model,14,431,27,6.26,2015-12-29 11:35:40,2015-12-29 11:42:50,74.0
11,svm_P1_SWAT_Dec2015_Data_model,16,276,20,7.25,2015-12-29 11:57:25,2015-12-29 12:02:00,25.0
12,svm_P1_SWAT_Dec2015_Data_model,17,717,0,0.0,2015-12-29 14:38:12,2015-12-29 14:50:08,716.0
13,svm_P1_SWAT_Dec2015_Data_model,19,259,0,0.0,2015-12-29 18:10:43,2015-12-29 18:15:01,258.0
14,svm_P1_SWAT_Dec2015_Data_model,20,395,0,0.0,2015-12-29 18:15:43,2015-12-29 18:22:17,394.0
15,svm_P1_SWAT_Dec2015_Data_model,21,721,4,0.55,2015-12-29 18:30:00,2015-12-29 18:42:00,711.0
16,svm_P1_SWAT_Dec2015_Data_model,22,463,0,0.0,2015-12-29 22:55:18,2015-12-29 23:03:00,462.0
17,svm_P1_SWAT_Dec2015_Data_model,23,697,68,9.76,2015-12-30 01:42:34,2015-12-30 01:54:10,621.0
18,svm_P1_SWAT_Dec2015_Data_model,24,321,6,1.87,2015-12-30 09:51:08,2015-12-30 09:56:28,44.0
19,svm_P1_SWAT_Dec2015_Data_model,25,612,30,4.9,2015-12-30 10:01:50,2015-12-30 10:12:01,0.0
20,svm_P1_SWAT_Dec2015_Data_model,26,1445,155,10.73,2015-12-30 17:04:56,2015-12-30 17:29:00,216.0
21,svm_P1_SWAT_Dec2015_Data_model,27,1691,0,0.0,2015-12-31 01:17:08,2015-12-31 01:45:18,1690.0
22,svm_P1_SWAT_Dec2015_Data_model,28,34209,109,0.32,2015-12-31 01:45:19,2015-12-31 11:15:27,662.0
23,svm_P1_SWAT_Dec2015_Data_model,29,121,0,0.0,2015-12-31 15:32:00,2015-12-31 15:34:00,120.0
24,svm_P1_SWAT_Dec2015_Data_model,30,1171,46,3.93,2015-12-31 15:47:40,2015-12-31 16:07:10,1125.0
25,svm_P1_SWAT_Dec2015_Data_model,31,367,109,29.7,2015-12-31 22:05:34,2015-12-31 22:11:40,192.0
26,svm_P1_SWAT_Dec2015_Data_model,32,601,84,13.98,2016-01-01 10:36:00,2016-01-01 10:46:00,501.0
27,svm_P1_SWAT_Dec2015_Data_model,33,444,13,2.93,2016-01-01 14:21:12,2016-01-01 14:28:35,52.0
28,svm_P1_SWAT_Dec2015_Data_model,34,101,0,0.0,2016-01-01 17:12:40,2016-01-01 17:14:20,100.0
29,svm_P1_SWAT_Dec2015_Data_model,35,481,0,0.0,2016-01-01 17:18:56,2016-01-01 17:26:56,480.0
30,svm_P1_SWAT_Dec2015_Data_model,36,540,474,87.78,2016-01-01 22:16:01,2016-01-01 22:25:00,66.0
0,svm_P2_SWAT_Dec2015_Data_model,1,940,940,100.0,2015-12-28 10:29:14,2015-12-28 10:44:53,0.0
1,svm_P2_SWAT_Dec2015_Data_model,2,443,443,100.0,2015-12-28 10:51:08,2015-12-28 10:58:30,0.0
2,svm_P2_SWAT_Dec2015_Data_model,3,383,383,100.0,2015-12-28 11:22:00,2015-12-28 11:28:22,0.0
3,svm_P2_SWAT_Dec2015_Data_model,4,390,390,100.0,2015-12-28 11:47:39,2015-12-28 11:54:08,0.0
4,svm_P2_SWAT_Dec2015_Data_model,6,196,19,9.69,2015-12-28 12:00:55,2015-12-28 12:04:10,177.0
5,svm_P2_SWAT_Dec2015_Data_model,7,429,429,100.0,2015-12-28 12:08:25,2015-12-28 12:15:33,0.0
6,svm_P2_SWAT_Dec2015_Data_model,8,964,964,100.0,2015-12-28 13:10:10,2015-12-28 13:26:13,0.0
7,svm_P2_SWAT_Dec2015_Data_model,10,160,160,100.0,2015-12-28 14:16:20,2015-12-28 14:19:00,0.0
8,svm_P2_SWAT_Dec2015_Data_model,11,561,561,100.0,2015-12-28 14:19:00,2015-12-28 14:28:20,0.0
9,svm_P2_SWAT_Dec2015_Data_model,13,233,233,100.0,2015-12-29 11:11:25,2015-12-29 11:15:17,0.0
10,svm_P2_SWAT_Dec2015_Data_model,14,431,431,100.0,2015-12-29 11:35:40,2015-12-29 11:42:50,0.0
11,svm_P2_SWAT_Dec2015_Data_model,16,276,276,100.0,2015-12-29 11:57:25,2015-12-29 12:02:00,0.0
12,svm_P2_SWAT_Dec2015_Data_model,17,717,717,100.0,2015-12-29 14:38:12,2015-12-29 14:50:08,0.0
13,svm_P2_SWAT_Dec2015_Data_model,19,259,259,100.0,2015-12-29 18:10:43,2015-12-29 18:15:01,0.0
14,svm_P2_SWAT_Dec2015_Data_model,20,395,395,100.0,2015-12-29 18:15:43,2015-12-29 18:22:17,0.0
15,svm_P2_SWAT_Dec2015_Data_model,21,721,721,100.0,2015-12-29 18:30:00,2015-12-29 18:42:00,0.0
16,svm_P2_SWAT_Dec2015_Data_model,22,463,0,0.0,2015-12-29 22:55:18,2015-12-29 23:03:00,462.0
17,svm_P2_SWAT_Dec2015_Data_model,23,697,0,0.0,2015-12-30 01:42:34,2015-12-30 01:54:10,696.0
18,svm_P2_SWAT_Dec2015_Data_model,24,321,0,0.0,2015-12-30 09:51:08,2015-12-30 09:56:28,320.0
19,svm_P2_SWAT_Dec2015_Data_model,25,612,0,0.0,2015-12-30 10:01:50,2015-12-30 10:12:01,611.0
20,svm_P2_SWAT_Dec2015_Data_model,26,1445,0,0.0,2015-12-30 17:04:56,2015-12-30 17:29:00,1444.0
21,svm_P2_SWAT_Dec2015_Data_model,27,1691,0,0.0,2015-12-31 01:17:08,2015-12-31 01:45:18,1690.0
22,svm_P2_SWAT_Dec2015_Data_model,28,34209,0,0.0,2015-12-31 01:45:19,2015-12-31 11:15:27,34208.0
23,svm_P2_SWAT_Dec2015_Data_model,29,121,0,0.0,2015-12-31 15:32:00,2015-12-31 15:34:00,120.0
24,svm_P2_SWAT_Dec2015_Data_model,30,1171,0,0.0,2015-12-31 15:47:40,2015-12-31 16:07:10,1170.0
25,svm_P2_SWAT_Dec2015_Data_model,31,367,0,0.0,2015-12-31 22:05:34,2015-12-31 22:11:40,366.0
26,svm_P2_SWAT_Dec2015_Data_model,32,601,0,0.0,2016-01-01 10:36:00,2016-01-01 10:46:00,600.0
27,svm_P2_SWAT_Dec2015_Data_model,33,444,0,0.0,2016-01-01 14:21:12,2016-01-01 14:28:35,443.0
28,svm_P2_SWAT_Dec2015_Data_model,34,101,0,0.0,2016-01-01 17:12:40,2016-01-01 17:14:20,100.0
29,svm_P2_SWAT_Dec2015_Data_model,35,481,0,0.0,2016-01-01 17:18:56,2016-01-01 17:26:56,480.0
30,svm_P2_SWAT_Dec2015_Data_model,36,540,0,0.0,2016-01-01 22:16:01,2016-01-01 22:25:00,539.0
